Addresses,amount_DBI,tx_list_DBI,amount_LI,tx_list_LI,amount_SI,tx_list_SI,deposited_DBI,deposited_LI,deposited_SI
0x857a3e1dec3dafb87f49134bc80ea94eae6a9561,0.0,,0.0,,0.0,,0.0,0.0,0.0
0x42f6d5f3c43db1d77def542e61f8f63ec3d618fb,0.0,,0.0,,0.0,,0.0,0.0,0.0
0x4aac181a9dc845e9e9d44afacb26abce23649081,0.0,,0.0,,0.0,,0.6861920882,0.0,0.0
0xf0fa10510966e3652377f4351802a13147875f31,0.0,,0.0,,0.0,,0.0,0.0,15594.7066710492
0x84036b9ad3bd7ae54d917edaeb110bcdc348caab,0.0,,0.0,,0.0,,0.0,0.0,0.0
0xc90746d2e1f49acd1f3e215b3355fd696c4ef7af,0.0,,0.0,,0.0,,0.0,0.0,0.0
0x8fb77a70ba91449b462e86092cde44c305221e2f,0.0,,0.0,,0.0,,0.0,0.0,0.0
0xee74c8da8b0192360ebb8ef490e7facf0dea98ed,0.0,,0.0,,0.0,,0.296183508,0.0,174.6366160954
0x233502993a52501159077c30cae2f35be00d2315,0.0,,0.0,,0.0,,1.0631033978,0.0,0.0
0x8a0aff8236375eb2c0c02cd123db2f4108e54709,0.0,,0.0,,0.0,,0.0,0.0,0.0
0x11b3d78cc247b25113a9c7aef45ccbe8eaf261f3,0.0,,0.0,,0.0,,0.0,0.0,0.0
0xa5934a3d4d85a19d571e27dce11cf03cbf83d414,0.0,,0.0,,0.0,,0.0,0.0,0.1427996892
0x420f334cd5142c1e212c1af5602386d87ba90c36,0.0,,0.0,,0.0,,0.0,0.0,0.0
0x525044fcd3fba6cb3e81e46a2954bb7d33892010,0.0,,0.0,,0.0,,0.0,0.0,0.0
0x00534a800b8ad72ccffcc17a11e7044874ad9e1d,0.0,,0.0,,0.0,,0.0,0.0,0.0
0x56f0e9374109639716f246ef4533acbf419d3cd8,0.0,,0.0,,0.0,,0.0,0.0,0.0
0xa55509eac7d28c7bfc5c3fbdab67617ac9625dd2,0.0,,0.0,,0.0,,0.0,0.0,0.0
0xe3b4fad752e9594c3946e05fe87b29b5c6b65816,0.0,,0.0,,0.0,,0.0,0.0,0.1420951869
0x29e569807a1a6c6c5a4746d84bf342618925a749,0.0,,0.0,,0.0,,0.0,0.0,0.0
0xada63c94f4e0ee49d24256fc331925abcd53e6d5,0.0,,0.0,,0.0,,0.0,0.0,0.0
0xfa958774e7eca9b38444d7685cb07c68776c0373,0.0,,0.0,,0.0,,0.0,0.0,0.0
0x83162d0996a86b5d9e5e4d618fd39783dacaecc6,0.0,,0.0,,0.0,,0.0,0.0,0.0
0x16dbede44d5a7e60ee502def9ada4be227939e5d,0.0,,0.0,,0.0,,0.0,0.0,0.0
0x4186f6984061fe0f3d8976f4ef0fd5c4349bb041,0.0,,0.0,,0.0,,0.0,0.0,0.0
0x4d1a87a3a051291f59086727cd683b2ddd835db8,0.0,,0.0,,0.0,,0.0,0.0,0.0
0x4803e3104ec066c7d74747bd49e0b2c81480c259,0.0,,0.0,,0.0,,0.0,0.0,0.0
0x2190cf9ed6890b1128f01d1976a5b851ee010315,0.0,,0.0,,0.0,,0.0,0.0,0.0
0x6003b604d127fc932e95d48c40fa4fec52324f18,0.0,,0.0,,0.0,,0.0,0.0,0.0
0x82ba7508f7f1995ab1623258d66cb4e2b2b8f467,0.0,,0.0,,0.0,,0.0,0.0,0.0
0xd39d142e8c8774e2261ba4d05623f7235d1c1b11,0.0,,0.0,,0.0,,0.0,0.0,0.1426640729
0xc5e3b3832c918ff4803a1cd433bd96318762a6f8,0.0,,0.0,,0.0,,589.3223434569,84.3414769727,13584.0520471424
0x21dc204a56732756fa9304384045113856c6690d,0.0,,0.0,,0.0,,0.0,0.0,0.0
0xffa3050f08e32f3a08522f352f9bc5325cd27e9b,0.0,,0.0,,0.0,,33.7610331983,0.0,1667.67086894
0xb1c35b59c328567ce86db3fd8a5ed342a2dfa00f,0.0,,0.0,,0.0,,0.0,0.0,0.0
0xa434f49fbd7f3f75c89b501c509c69151d8f93bb,101.92647680550904,0xb7763e97b5fb0b0bfff1583b7dd7adc504a6473e4bfc1ba18b79cc181bedef70,0.0,,0.0,,0.8844731523,0.0,0.0
0x3d300b62d70008714ea59690de1c4c83faf18099,0.0,,0.0,,0.0,,0.0,0.0,0.0
0x9419af32c6685077bcff336de6ff0ee0aa30228c,0.0,,0.0,,0.0,,0.0,0.0,0.0
0x475ff398f2e274c16383ee82109b757b31fb08ed,0.0,,0.0,,0.0,,0.0,0.0,0.1417804088
0xc64d755e5faf51a39f5cee1e492dd9268b5db203,0.0,,0.0,,0.0,,8.516807779,1.333501475,0.0
0x606eaf6afae3cad042fbe7d8d32aac88935f3430,0.0,,0.0,,0.0,,0.0,0.0,0.0
0x3eb72125ff02a0e1e6276b66f0832835f4fc9337,0.0,,51.54051282051271,"0x93a0c7aad205d5baaabfd11f1a69477ec7cad0c2dd46de19de3b3bcea8a17011,0xf958037186a864090b6ddbbba05be3266ba0d4002dfdd0333617881913060a9a,0x31212004529329442df0854febce19210838393905de338a74cb2cc9604ac312,0x96dd1f6f6bdfdda3635dcd42041ee85290571a90346ae9ae766ee914ae48daa0",4777.511956774657,"0x1e3bfe64de571bb4f942d64146aa7b96411c22de3881f1aca2e7b80b1350aa47,0xf0eb36bb1446447235dcdea1307353782e2454b38744d76e9209081182c27903,0x08632b02eed17f132eea21b6062a07ad4920ef184f5cdf8583a324b6b498d068",13.4382,0.2217,348.2389793623
0x7a6f49ac403c55af6bfdc58a1a0d4eaa60f5431d,0.0,,0.0,,0.0,,0.0,0.0,0.0
0x994085488b4a298028b6c0f3a17f0b8e61d22ace,67.37607128429036,0xc1e4a3c8dd32f7e47f5af16f8c7a8c12576af1525ae514d4b86c17c0212ad821,0.0,0x272835e50baab1750799e568e766911fe62b35a0a3ff076dba338b4a3c9be1a5,407053.2325314391,0xa362f0ec99444de5bba55e9905bbe50f877ec39229acea2d4e71bfe248bf43c4,0.3996454554,0.0,29087.330834485998
0x2ed8755c765e678c4d3b008734e90bfd3af964d5,0.0,,0.0,,0.0,,0.0,0.0,0.0
0x31fced8b77609c9db2aca0bb6ddb8be05b6933e4,0.0,,0.0,,0.0,,0.0,0.0,0.0
0xe0e2dfc3ecf8dde7260c0b1df497dbbf52917787,0.0,,890.0128264805769,0x97c408a026f76fe8834a70e2c0082070a5e788b597f0f6cc07e2e608da3c1b9b,1526.0961726250807,0x558123b44cc37568742753a6f2024d58c040d375c3c4354f75e653a146894bd9,5.986903160600001,0.4771,109.0754524445
0x0dff8a228939ad2498ae482ce5d58d3d2e494841,0.0,,0.0,,0.0,,0.0,0.0,0.0
0x0c4a5f2202fb934bbb4cd32845046a984422b51c,0.0,,0.0,,0.0,,0.0,0.0,0.0
0xef94af0495ddc90f0d81ad2487578e9c554c40e9,0.0,"0xaa12a62eafee34ef96e0ae27483887e9e9853b0d18b860ff8329f26bb7c11ac9,0x7afa1fe3ac43c4c9f82e2eb42336d017683c975127dd336d9272106545dc5bb3,0xa9fba93072a7d60f19a233e3d9cbe507f06592fe223a394de0dee6860afb0fb7",0.0,,0.0,,0.0,322.2826865411,0.0
0x20b49fd520ce4f3ab71b01e00f59ce58cf791902,0.0,,0.0,,0.0,,0.0,0.0,0.0
0xa31e8272f5ebc398bd01368e1bc91076068dfe2f,0.0,,0.0,,0.0,,0.0,0.0,0.0
0xa6bb66053eeee083fdf3195ab680a7a6e24bd8f2,0.0,,0.0,,0.0,,0.0,0.0,0.0
0xab88549e857a35bf305c0d6ee52751fcc174ca4a,0.0,,0.0,,0.0,,0.0,0.0,0.1427821886
0xfb3a77a3b9dee2394a3ba3b716cd9c14ac123665,0.0,,0.0,,0.0,,0.0,0.0,10585.4093130273
0x05f8c3a4a3dccdbb5dde12728cbc032099f5fbb8,0.0,,0.0,,0.0,,0.0,0.0,0.0
0x137b8aa268fdead653bbafe73326a787a4424bf0,0.0,,0.0,,0.0,,0.2746218961,0.0925394872,0.0
0xd2d44632aed47bae5a3926cf49abcf1fc1809925,0.0,,0.0,,0.0,,0.0,0.0027032972,0.0
0xb8972e9db4c65a681312b85b12827d0426b655f4,0.0,,0.0,,0.0,,0.0,0.0,0.0
0x3d9f8f6d893940f1cffbce740aae78d3abd75053,0.0,,0.0,,0.0,,1.2695,0.0,0.0
0x2503889977c91af02d2510fa41c71bbea6699055,0.0,,0.0,,0.0,,0.0,0.0,0.0
0xc3ccfe66c98eb0590ad31a28ba96cc3e6c799f0a,0.0,,0.0,,0.0,,0.0,0.0,0.0
0xd444d13a8b3975b17baa7ef27e6990352bf34eb5,0.0,,0.0,,0.0,,0.0,0.0,0.0
0x8165e1e6252fef1c49d52283693f52e369ff2537,0.0,,0.0,,0.0,,9.3836,0.0,0.0
0x1184ca23b73c0a7bd497f928605a041df5d7097b,0.0,,0.0,,0.0,,0.0,0.0,0.0
0x5eede1c45e4401d7d95e55446dad71b511328534,0.0,,0.0,,0.0,,0.0,0.0,20.0
0xfb38c0f38c9c5a473b06a2fe421adc1807ff2512,0.0,,0.0,,0.0,,0.0,0.0,0.0
0x8ce82e8a82125dc9ca3992b643716d16058e2aac,0.0,,0.0,,0.0,,0.0,0.0,0.0
0x061e8d67fb2cdbc5e78b30bbf15c8c192b7b65f8,0.0,,0.0,,0.0,,0.0,0.0,0.0
0x3672ceb80f7b77c5cf5f0d8e4d8d253b885db65d,0.0,,0.0,,0.0,,0.8767,0.0,0.0
0xb52b3eeacec1824be2e0c9f5fa2d0ea76e49a88e,0.0,,0.0,,825.6982741223812,0xf1b1bbfcfe3a4df44bae44259ae9187ea27a3a8e8df25d6c553cb23b36e3252f,1.1652039311,0.0,59.246764165900004
0x0783abc1e6f1eb93b80024a056492e314d949986,0.0,,0.0,,0.0,,0.0,0.0,0.0
0x4d9849e2af778eca3d6bb91f314769c48e03ef01,0.0,,0.0,,0.0,,0.0,0.0,0.0
0x9ee621aa4432316f50758a95dbec69753bc525bb,0.0,,0.0,,0.0,,2.9106458352999995,2.0547,348.2665295687
0x11dd3e98df0add21c9ba2b854e5de02482f3280c,0.0,,0.0,,0.0,,0.0,0.0,0.0
0x8b5e726fbf15b65477e5123a6e542f720a46f06d,0.0,,0.0,,0.0,,0.0,0.0,0.0
0xa36f44df43bf14343d7236249af722b5519df802,0.0,,0.0,,0.0,,0.0,0.0,0.0
0x9e331aee9f82b25078f7bb1581ffa8383ad84944,0.0,,0.0,,0.0,,0.0,0.0,0.0
0x25002e4452f0de24ef5ce6dabaaace1ef2b6f6c2,0.0,,0.0,,0.0,,0.0,0.0,0.0
0xb64d01af63ea7fea5276854f8f927cc800a428b8,0.0,,0.0,,0.0,,0.0,0.0,0.1428986218
0xe05ec1ed7f5d50a190de033f597f1dc74159093e,0.0,,0.0,,0.0,,0.0035,0.0,19.7794696289
0x3e8544ad14a2d7863f2972d8bff28823c812cc56,0.0,,0.0,,0.0,,0.0,0.0,0.0008332748
0x95811c8511aa70012d050bdd9962377e22da9eda,0.0,,0.0,,0.0,,0.0,0.0,0.0
0xbcc181046fd96ccadf0cebe30d4ff67d4373a126,0.0,,0.0,,0.0,,0.0,0.0,0.0
0x87ee8ee8ed35347535923f58ac0378a208d04773,0.0,,0.0,,0.0,,0.0,0.0,0.0
0x962ea31e2360b5e3f1c60fcdd4e4ad020d4e4bb8,0.0,,0.0,,0.0,,0.0,0.0,0.0
0x951be08d4c785539f136a9577628e6054950b3fd,0.0,,0.0,,0.0,,3.7611508192,0.0,0.0
0xef0e5e1aa424bca28c41a1e058676e85c6407104,0.0,,0.0,,0.0,,0.0,0.0,0.0
0xa6d409c9e1e85e5997ed675d00e91bbbfd1a7a14,0.0,,0.0,,0.0,,1.3141,0.0,1003.4988755287
0x90d1b8347627989a93847f1bd34e3c740f359c5c,0.0,,0.0,,0.0,,0.0,0.0,0.0
0x699616073aae548be02a1840835ea77ccd6333a5,0.0,,0.0,,0.0,,0.0,0.0,0.0
0xba364152cb2501c1774ea5e7b232084373014a1c,0.0,,0.0,,0.0,,0.0,0.0,0.0
0xdb8bb9abbdacfd79ac19970ca5054ac1610993cc,0.0,,0.0,,0.0,,0.0,0.0,0.0
0xe8fa626c348cc337c65ecd9e8865f3696edda4a2,0.0,,0.0,0x5ae58e73c5a799517a13e8ca8b433aee207c7d42421c1b090ba94ad1849ba3ab,0.0,,0.0,0.0,0.0
0xdfd08ff771fc29ddfdefa975263ea4d830bf544e,0.0,,0.0,,0.0,,0.0,0.0,0.0
0xd75eace6d08d6e1e100e449c0add3a546c3f3c23,0.0,,0.0,,0.0,,0.0,0.0,0.0
0x4eb6ce3ee2ecea32118592db89e661193710fe30,0.0,,0.0,,0.0,,0.0,0.0,0.0
0xcaa7c47e4684af466293e10aec58eaf4e7b195b4,0.0,,0.0,,0.0,,0.0,0.0,0.0
0x162a9695e3453cbba0173639143b2a1241d05f16,0.0,,0.0,,0.0,,0.0,0.0,0.0
0x1776dfa72c79eddb78fc522649661cdf46f0eb0e,0.0,,0.0,,0.0,,1134.7432718787,127.46453391579999,79629.9428436897
0x7775114c93dfffb8431d723f4cdf675016318e25,0.0,,0.0,,0.0,,0.0,0.0,0.0
0x1809608cb26e7037069b36f4b86f6a1e3c6e2f1f,0.0,,0.0,,0.0,,0.0,0.0,0.0
0xd8faec528b9fbf4fe3226d6beb8b14a4f9bad655,0.0,,0.0,,0.0,,0.0,0.0,0.0
0xa77f153dc72d1f473a8b9d9ec8ec9ccad42f467d,0.0,,0.0,,0.0,,0.0,0.0,0.0
0xeb37f5af0eb961d7e935cc66c6651e4e420dd7a6,0.0,,0.0,,0.0,,0.0,0.0,0.0
0xd2ac0d25aeec27bef10922cb15a78cf77a894eee,0.0,,0.0,,0.0,,0.0,0.0,0.0
0x701061cb58cb77683ae8c5edb96fc1516b2518de,0.0,,0.0,,0.0,,0.0,0.0,0.0
0xe58ca51f1722e06d9aa229099beed0fb1acc135d,0.0,,0.0,,0.0,,0.0,0.0,0.0
0x6c75239adb15a52a384b52b8b452a31074feb6e1,0.0,,0.0,,0.0,,0.0,0.0,0.0
0x97fcf1b0f0ee4fb272ad47b12f166a393e0353f3,0.0,,0.0,,0.0,,0.0,0.0,0.0
0xac4c825ee8b9ce947e80ac9fccbfede2e581beba,0.0,,0.0,,0.0,,0.0,0.0,0.0
0x8abff7b696051da985fa000ac315448dc0a0cfcd,0.0,,0.0,,0.0,,0.0,0.0,0.0
0x388ee1d5cd98ff2eae48b70d4b444dfb616afb03,0.0,,0.0,,0.0,,0.0,0.0,0.0
0xff50fa05aeb524268201a0bb0319e6686ee573bc,0.0,,0.0,,0.0,,0.0,0.0,0.0
0x4292aa3e417d62b7472505e0543e10878302223c,0.0,,0.0,,0.0,,0.0,4.158816412899999,1440.0030451895
0x18088f68b2d3029c60b8a014abb979149e88d9b5,0.0,,0.0,,0.0,,0.0,0.0,0.0
0x8f384c5406abdce4139fe6c7873703b953c761f9,0.0,,0.0,,0.0,0x8bd31c909b793c48b764e93a7f7a0b4ad54cb0e357a474c8794b67ed9e086bb9,65.5797058449,11.3238615999,0.0
0x6d8e5fe1943fedd16e21b43b75cc80993f93b8b1,0.0,,0.0,,0.0,,0.0,0.0,0.1458071617
0x3ce53d668ec75bd51d0fb8d1e9eb34c9787a689a,0.0,,0.0,,0.0,,1.9199,0.0,83.7061986488
0x5ddbb77673da642cb476f0c2f97e49f3c8bc29e3,0.0,,0.0,,0.0,,0.0,0.0,0.0
0x12fbb308875ad122dfd049f8ecaf62b0269e6fc0,0.0,,0.0,,0.0,,0.0,0.0,20.0
0x55de6db9660b24f5e7b73a0c37f50b7994238c91,0.0,,0.0,,0.0,,19.9848,0.0,3519.8643245753
0x4295f1ee7b35c4f5495705a7f6a40240fb3e0c98,0.0,,0.0,,0.0,,0.0,0.0,0.0
0xd853d8a7480b80b932bd02b7af9477e81e8a37d6,0.0,,0.0,,0.0,,0.0,0.0,0.1421149491
0x91ea9e6ece7bf662d2d83fa8506f9767c8d39c9a,0.0,,0.0,,0.0,,0.0,0.0,0.0
0xeaa34fc0e81f8eb96bd816f25db13fa153afc464,0.0,,0.0,,0.0,,2.6650177776,0.0,0.0
0x3985653e2faff4abfc290bddbde052d3605b2e19,0.0,,0.0,,0.0,,0.0,0.0,0.0
0x37558f55a402026e301ff2499a5e8b127cdf0aaa,0.0,,0.0,,0.0,,0.0,0.0,0.0
0xaa9d5cdadec5b530fa6d9cbb5905e38742629134,0.0,,0.0,,0.0,,0.0,0.0,0.0
0x817a33e007afb85ec23da7de231c1902cf4686c1,0.0,,0.0,,0.0,,0.0,1.3948,0.0
0x72eab5b3d3280dbab7f059256543fcffc35cb2d1,0.0,,0.0,,0.0,,0.0,0.2798264886,0.0
0x4f0c7154a4e206bfa17adf7788958782a8ee8962,0.0,,0.0,,0.0,,0.0,0.0,0.0
0x79f37a3d42b19bca7a67c5a312aef3066619ae67,0.0,,0.0,,0.0,,0.0,0.0,0.0
0xcde1ea27d2e2fe235da74838c46f81a7f3c08013,0.0,,0.0,,0.0,,0.0,0.0,0.0
0xaa57d019b7cfe7e91260ed93397449f0fc1562d1,0.0,,0.0,,0.0,,85.3108167291,0.0,0.0
0xa7af4580cc0c9ff4a526de9866689ae1c9817b5f,0.0,,0.0,,0.0,,0.0,0.0,0.0
0x8d368f3c4ee6fdc8658066fe00ef435e4aa8926c,0.0,,0.0,,0.0,,0.0,0.0,0.0
0x42cf90a1a6beecd9cacb5d41273c3f050f591ea8,0.0,,0.0,,0.0,,0.0,0.0,200.0
0x50284b759083c10c31465fdb1b3ee1e5639df80e,0.0,,0.0,,0.0,,0.0,0.0,0.1420106042
0xf7d0fa517a5244d9e7d00a1f54a114ba2fa150f3,0.0,,0.0,,0.0,,0.0,0.0,0.0
0x7b03da97122761b95b49cee62319ae73bac67155,0.0,,0.0,,0.0,,0.1265,0.0195,0.0
0x50630f6f95def55250c1e6adc069760d1d28849e,0.0,,0.0,,0.0,,0.0,0.0,0.0
0x02ca884e10a36b822c996a3339bdd21417a4d092,0.0,,0.0,,0.0,,0.0,0.0,0.0
0x136dafec8bf39db3f5c2b44e15f0a86a4cd5a17a,0.0,,0.0,,0.0,,4.8045113940999995,0.0,0.0
0x953c8961a3e8a2a8139015436080583a3e141944,0.0,,0.0,,0.0,,0.0933133231,0.0,0.0
0xdd0516301b25327f56d7aa8f6e3357163a308ef3,0.0,,0.0,,0.0,,1.0567884446,0.0,0.0
0x108d3eefa3722affd4b9098cf65e7e7e970d096e,0.0,,0.0,,0.0,,0.0,0.0,0.0
0x929de53d40befff36e459cf5f9e0a30417b145ac,0.0,,0.0,,0.0,,0.0,0.0,0.0
0x811d1e9897c99f6fcf35e294519e78fc08cd3e3a,0.0,,0.0,,0.0,,0.0,0.2703823899,0.0
0xa59d4d9e0bc0bd2c7d3a7009e429a44b668ac6ca,0.0,,0.0,,0.0,,0.0,0.0,0.1453154254
0xff604a48cc86e4c76e6fd76a88f4203e11be47bc,0.0,,0.0,,0.0,,0.0,0.0,0.0
0xe17fcedce857c1a58dd10cc00446b81ea36ffda2,0.0,,0.0,,0.0,,0.0,0.0,5736.237118460501
0x0c7d7bc28f7ff5760ffd392dc47472cff78b1e2b,0.0,,0.0,,0.0,,0.0,0.0,0.0
0x75c8008524dc796b2316a7d5fd39cc87a0812781,0.0,,0.0,,0.0,,0.0,0.0,0.0
0x9c2a6f90f56ff0d037899caf0c33a4c044b3e3f8,0.0,,0.0,,0.0,,0.0,0.0,0.0
0x3d96207b9f13249bc8066a5eef94df1b7fcf04a1,0.0,,0.0,,0.0,,0.0,0.0,7952.3355581338
0x9e7befeeb98d707122962df965bcc6a7a811ded7,0.0,,0.0,,0.0,,0.0,0.0,0.0
0xe321f3fbca5eb338ff1cff8d72960cc3d049e080,0.0,,0.0,,0.0,,4.2399875638,0.0,0.0
0x3938f45645ec03d589088411c3d6ed9ff06464cd,0.0,,0.0,,0.0,,0.0,0.0,0.0
0x675674d48bda6aec47096331a60e102aad492d19,0.0,,0.0,,0.0,,0.0,0.0,0.0
0x8f33cec3629a3e439a2f28970f9a4d197ff7579a,0.0,,0.0,,0.0,,0.0,0.0,0.0
0x72ef735e77550a4c37ef799597dd822c10247648,0.0,,0.0,,0.0,,0.0,0.0,0.0
0xa1ae0e2007a74bf3c18e1f2bc8fc88188e44576e,0.0,,0.0,,0.0,,0.0,0.0,0.0
0xdb20b6a9bd3d9c916955860545c64f7b5eaba0e9,0.0,,0.0,,0.0,,0.0,1.4446815508,0.0
0xd2a8ee62757380d0c878843661aaed505fa6a386,0.0,,0.0,,0.0,,0.0,0.0,0.0
0xb47be7126009a70f4f304d4fb8e342bbc2fa10ce,0.0,,0.0,,0.0,,0.0,0.0,3320.6302410266003
0xd1148f53a80d81767ea6f3af892d142d9629fda4,0.0,,0.0,,0.0,,1.9646,0.0,272.9989614573
0x07bd0ac05c35dc7774c2219e76d11cb1a8d567b9,0.0,,0.0,,0.0,,0.0,0.0,0.0
0xce6fcd36bbec25d12f37ce98834cf3367e09773b,0.0,,0.0,,0.0,,0.0,0.0,0.0
0x36da519a5bec67beb6477acc5386e74a04022b36,0.0,,0.0,,0.0,,2.4327200643,0.3666913757,0.0
0x2c39eee3d98941bd5f21f261ede26b45c69f3e98,0.0,,0.0,,0.0,,0.0,0.0,0.0
0x151c4ac2b710b05389077c8d2c1e3019dae4a93b,0.0,,0.0,,0.0,,0.0,0.0,0.0
0x2df4511b20b3ccc6a37729ebdc2f3b78faa84fc5,0.0,,0.0,,0.0,,0.0,0.2261736411,0.0
0xb3957b3af46adf79082a34fa62526cfe64f4b0ea,0.0,,0.0,,0.0,,0.0,0.0,0.0
0x1e285d09df88d9589aeb821c2625a537a4a97a3c,0.0,,0.0,,0.0,,0.0,0.0,0.0
0x0f535e6e28832209e80958ce6c2c824355a655a5,0.0,,0.0,,0.0,,44.384198187600006,0.0,1858.0
0x505186995ba5441d21bd7cb84b5ad8df0749a1ca,0.0,,0.0,,0.0,,0.0,0.0,0.0
0xb275d7d4ae6c77f532ff0de2b58eacccb7ce5031,0.0,,0.0,,0.0,,0.0,0.0,0.1421019851
0x1b73c00cdb5bbe47b1372549c2a3bc0c9e7d1d9d,0.0,,0.0,,0.0,,0.0,0.0,221.302488033
0x707d7ef17477ea6d67b5c6cb6fb4c23f0f5a1a81,0.0,,0.0,,0.0,,0.0,0.0,0.0
0xccc936137fd2fcb1cf41f4acd24b693ded4ae356,0.0,,0.0,,0.0,,0.0,0.0,0.0
0x0d9004c10b756088147d6a3fc399bd443f1339de,0.0,,0.0,,0.0,,0.0,0.0,0.0
0xa5206638c4a3709a43d01b637dae5a5a382a9417,0.0,,0.0,,0.0,,0.0,0.0,0.1427631968
0xef482710f1bffb414cc7242ef4c3653c059bd1de,0.0,,0.0,,0.0,,0.0,0.0,0.0
0x22eac4a5381adaf34b748f10a4b57d25d8981963,0.0,,0.0,,0.0,,0.0,0.0,0.0
0xd52aa35f4f307fceb2c9631b6dd30b64b0475b2e,0.0,,0.0,,0.0,,0.0,0.0,0.0
0x6e781c4a3e582c9920ef1469b796021d8dbcdd4d,0.0,,0.0,,0.0,,0.0,0.0,0.0
0x962696d19e7ba8965bacd62bbea32f2ebc8063fc,0.0,,0.0,,0.0,,0.0,0.0,0.0
0x79c5fc8db9a954cdc36121cbbc2d2607edd574a9,0.0,,0.0,,0.0,,10.0846199898,1.9658010337,0.0
0x3454802ba66bebb46963a63b77c4de0ea1c59f61,0.0,,0.0,,0.0,,0.0,0.0,8500.9010242436
0x3fbbaf77ba1673e10391ed5906c8d8b70ff5a1d4,0.0,,0.0,,0.0,,0.0,0.0,0.0
0x4501d92d127356ad0e4e0a37c540ff65a04bb05e,0.0,,0.0,,0.0,,7.127348995699999,0.9098080583,272.5775395516
0x160b6772c9976d21ddfb3e3211989fa099451af7,0.0,0xef94975e5ba0df84c2319f1dd81e04d74c0b430abb5743762f48b51219116afa,0.0,,0.0,"0x7c9e9e5127eebcf30a8ccb5554229bfab8ee64c4c63591e4cef393ba7d80e67a,0x3b86744dcf116dea21f6f41f57bd7d3d73a7f323c5b2fbd5aee1a91b79664e5c",0.0,272.356351061,0.0
0xd78fb850e668199f351d3c1add1bc1623b7373eb,0.0,,0.0,,0.0,,0.0,0.0,0.0
0xe1ff3950a568e6aa157b8bed4c948f33506df340,0.0,,0.0,,0.0,,2.6956542576,2.0031831623,0.0
0xe37c4f0075539de3024cc0f119be6fa4ff809f67,0.0,,0.0,,0.0,,0.0,0.0,0.1429154595
0x986b6145f7760136afc4a6a35b343e217d6ef4d6,0.0,,0.0,,0.0,,0.0,0.0,0.0
0xb8f6f3cc7b162d7e5b9196140fb1878cda316ba0,0.0,,0.0,,0.0,,101.9967855229,153.7626141242,82737.715583716
0xb2bf544691b4289973f9d5236ccca31fb6d46190,0.0,,0.0,,0.0,,0.0,0.0,0.0
0x4d3e0345343fb23ed9ee281acec9c6d5409fbd4a,0.0,,0.0,,0.0,,0.0,0.0,0.0
0xc68656d3b48dd533773d4eb7b233b52c04c17d1d,0.0,,0.0,,0.0,,0.0,0.0,0.0
0x69731c0632d4fa0c6834fde53240faa00e365270,0.0,,0.0,,0.0,,0.0,0.0,0.0
0x1860d6f0db1382c77aa7907268e8b96fd3e043cc,0.0,,0.0,,0.0,,0.0,0.0,0.0
0x5586c4493d4bb1b93e289e2bd1ff6c2c5c23f89a,0.0,,0.0,,0.0,,0.0,0.0,0.0
0x4b6d949bae0a38635623125663ed705696b2a874,0.0,,0.0,,0.0,,0.0,0.0,3008.7902421739
0x4cfa861c38ab70be0ce11a9ef8172c575b270882,0.0,,0.0,,0.0,,0.0,0.0,0.0
0xb2ce2b65f1af37bf4da4b688c92436d429b08da9,0.0,"0x2b6d9b4812afec6922ef1a5ed8904acd1c939d042a0116f0cb5bab59d62e913c,0x50359fab71d2394fb33c15593807170eb4838cd58d8ea0919dad6098c56c3e42",0.0,0x82e8f80c447dfd29ae63bf82854427593cbf4c97943803595229b91087e64be1,0.0,,0.0,0.0,1004.24
0x8c818d28c295998a646d8f566193ffcf1c716833,0.0,,0.0,0x87a1057a24b7457b3a700a3aeea5ba653ba0a87acf029721a57fd9f1eabfe057,0.0,,25.1660561151,0.0,1224.3734778217001
0xdaffd214afe9d8a3725361ed19a03fb3114bc11b,0.0,,0.0,,0.0,,0.0,0.0,0.0
0x575b67fa7deb83da6566dc05e3d5aacef1a7e6e9,0.0,,0.0,,0.0,,0.0,0.0,0.0
0x6a3c59489f75df432408267b83290cea0e215298,0.0,,0.0,,0.0,,0.0,0.0,0.0
0x7c5f0182400dd2edaebda38f0574ed55e6f0e77b,0.0,,0.0,,0.0,,0.0,0.0,0.0
0x7f6ff82381588a8617e299277e3ce36a1e068041,0.0,,0.0,,0.0,,0.0,0.0,5.1e-07
0x7f4d2f56ade454ae852e5e0f5c32cb5ebd3d96af,0.0,,0.0,,0.0,,0.0,0.0,0.0
0xa0afef53f4fd932693df99298a12fff028081460,0.0,,0.0,,0.0,,0.0,0.0,20.0
0xe7acebd46686f92d6e3ed2e4d042d1e43e6019cc,0.0,,0.0,,0.0,,0.0,0.0,0.1443844683
0xf0d0b6569ea90de9232ed9972a4c18ee76656efd,0.0,,0.0,,0.0,,0.0,0.0,0.0
0xaab5a58c79f8d0a66906d61914ec449f91a923e7,0.0,,0.0,,0.0,,0.0,0.0,0.0
0xa1fce9812b30187c76af7314d8bcc9f59c3b4ce4,0.0,,0.0,,0.0,,0.0,0.0,0.0
0x15fa1cf93e915f52f2024ce766d7d066c3803aa0,0.0,,0.0,,0.0,,0.0,0.0,0.0
0x6d5c71d52669ff0060c7b48d551e4436e2cb652c,0.0,,0.0,,0.0,,0.0,0.0,0.0
0x66a0c5a359fdd60b8a8eb427e95d4b77e159ac4d,0.0,,0.0,,0.0,,0.0,0.0,0.0
0xa5911de702fd1a95e3f63581037782819f448913,0.0,,0.0,,0.0,,0.0,0.0,0.0
0xac304ce5b5d25ebf79387bca30dc4f44ef20e834,0.0,,0.0,,0.0,,0.0,0.0,0.0
0xb2740e4c88e1a77269740282e821692102ad5b00,0.0,,0.0,,0.0,,0.0,0.0,0.0
0xefd7372227dc49d8fccdfe4f9311c7f396faca29,0.0,,0.0,,0.0,,0.0,0.0,0.0
0x0c70dba2e20570a983bfc7986081090aa0ba9af9,0.0,,0.0,,0.0,,0.0,0.0,0.0
0x7bc61a2f932617ad453ed2e23bb3c6cbfa8e4fde,0.0,,0.0,,0.0,,0.0,0.0,0.0
0x56a7a158a7c0fd45a2f8071bceec69f3b1c912ac,0.0,,0.0,,0.0,,37.6370554303,0.0,0.0
0xa7fc5251140f5ca3ec672968de6a5e718a84a917,0.0,,0.0,,0.0,,0.0,0.0,0.0
0x568fb15a2f251cbfd5257028fa338ddabf1d1277,0.0,,0.0,,0.0,,0.0,0.0,0.0
0xe5d643764a885c219a0562946c7565caed27afb0,0.0,,0.0,,0.0,,0.0,0.0,0.0
0x8dac3566c7638b2cc97d7987b18313ead75bd96b,0.0,,0.0,"0x2a227e3506961ca3eb5806d1a9305a0c3ac5dabac5d25578e129c1c3086e3204,0x61e78a1ad2144e8fc675a2cf879273f7239302070c51406dd99d02240ff12a98",0.0,0xf9709665e8f300a1851af9c8a15996cadca8c66fbeb13ad1cef431c8330569b6,10.5694,0.0,0.0
0xb565a438f4666675797c8729b87f22b72f372aa7,0.0,,0.0,,0.0,,0.1207792741,0.0192782244,3.485788579
0x1affa030fab73c5d50f6f3e1df16164f0390c3e0,0.0,,0.0,,0.0,,0.0,0.3056362044,284.3884312236
0xd940633d48c756a2d28b63bea4fb7366da0ce9b9,0.0,,0.0,,0.0,,0.0,0.0,0.0
0x73e2a4f9db61691417eacb73cb272beac316734d,0.0,,0.0,,0.0,,3.6638528644,0.2000044871,0.0
0x8f71041defa491438b932664f30acc14a0a0a2fd,0.0,,0.0,,0.0,,0.0,0.0,5307.095872398801
0x059736b846c078b70953c5d8ecb1154613c3facb,0.0,,0.0,,0.0,,0.0,0.0,0.0
0x7be56df9ca762e0997f3b16602563e60a12bd5c8,0.0,,0.0,,0.0,,0.0,0.0,0.0
0x7d1f1faf1ec17128f58c8426ee8e813895a82315,0.0,,0.0,,0.0,,0.0,0.0,47.1958298162
0xc7503b941dd449dc47e2c0ef5f06e4e4ffa94d0e,0.0,,0.0,,0.0,,0.0,0.0,0.0
0x67dd39cc84f99c6dc64a3e9e82b23f7bcdcdd322,0.0,,0.0,,0.0,,0.0,0.0,0.0
0x1aaef7ae7ff2ad3e361ad857076bcf9756be59f9,0.0,,0.0,,0.0,,0.0,0.0,0.0
0xf7d3b0b599ccc275c02b7cdaea61b53cb60e6083,0.0,,0.0,,0.0,,0.0,0.0,291.0837553099
0xb86af3def69f2155351fa16d1ccfd0bca8619bde,0.0,,0.0,,0.0,,0.0,0.0,0.0
0x211b6b519f576c31db128ccdec9b163e7f46e41a,0.0,,0.0,,0.0,,0.0,0.0,0.0
0x5e538a77b5af33573e23d110d15ee190f07e4798,0.0,,0.0,,0.0,,0.0,0.0,9283.2027713074
0xd75e89f92bce63402abc06a26ffb1b7cadae48c1,0.0,,0.0,,0.0,,0.0,0.0,0.1428105889
0x4a3f28a8ec307b9684ef5620867781a468e71091,0.0,,0.0,,2.007042623972e-06,0xb9b580040b51e0302512d65bcb0b18c98c40bf4e43351a8823b207a0b4c06515,0.0,0.0,1.47e-07
0xbe764ed19196778098e183d52fef8b4c76a6184b,0.0,,0.0,,0.0,,0.0,0.0,0.0
0x3b4b4fda6fb340f3cacc6a3225bb1076557cd9c5,0.0,,0.0,,0.0,,0.0,0.0,0.4645140708
0xb293486b66e466e9bcd6ab669f3ae18abe43e71c,0.0,,0.0,,0.0,,0.0,0.0,0.0
0x66f284b6e243d714e64b396bd81399c4ff44b65d,0.0,,0.0,,0.0,,0.0,0.0,20.0
0xe926f7db84dcd45db191db5ea69d2d2849677a45,0.0,,0.0,,0.0,,0.0,0.0,0.0
0x6fc462b154e29d622dcd849c6e08edf89582dabe,0.0,,44.5987432950637,0xc4b45064d2a9509a7326e01e5b54374993ae3533cc3c1cb8190b540d81ca48f5,261.6811150742486,0x88f2e101377b3b3546a54f4cd91b631eb90b5e3941041d0195907266970dc2bc,0.279,0.0290977834,19.3946891986
0x29154b2ae9be39c7cbbefdf67e10450465563717,0.0,,0.0,,0.0,,0.0,0.0,0.0
0x42dc6b189ca9d942012a73780f25c922696c6f63,0.0,,0.0,,0.0,,0.0,0.0,0.0
0x4a747460ade361707c5def3f93f7332ff410b630,0.0,,0.0,,0.0,,0.0,0.0,0.0
0x3bc2abe7e4944b3cab55b12ddd06087a9502d688,0.0,,0.0,,0.0,,0.0,0.0,0.0
0xa196c9a7d4c5bae6e7f6bec1a5af7ea9a4cac2ef,0.0,,0.0,,0.0,,0.0,0.0,0.0
0x37aca63c698e1faa9620218625f729815091a590,0.0,,0.0,,0.0,,0.0,0.0,0.0
0x46906853575a340cb52893b114aff93f22be6bda,0.0,,0.0,,0.0,,0.0,0.0,0.0
0x66c87eceefa03bc12c772344bc02f2ec4d1cde08,0.0,,0.0,,0.0,,0.0,0.0,0.142085349
0xe4e01e5f6a9c306ad7ebca53beb943cf6b181045,0.0,,0.0,,0.0,,3.5780319089,0.0,0.0
0x90da67b6fb3c878a6f4ef74b356af859128f201f,0.0,,0.0,,0.0,,0.0,0.0,0.0
0x0e9aae66382cb562483d5c1ee4dc81f15d22b523,0.0,,0.0,,0.0,,0.0,0.0,245.1555034328
0xcdb971bb6a0c2f39a5e72c9431ecd6da113ec72b,0.0,,0.0,,0.0,,4.8880188377,0.6549180273,0.0
0xdec9bee7104233d0991b52031c40105cd4f9c10f,0.0,,0.0,,0.0,,0.0,0.0,11447.2890140497
0x0cd13908b2afcb9b2134ffa2464b58d91eee449b,0.0,,0.0,,0.0,,0.0,0.0,0.1420575547
0x0839e6d3d9b66ff45474f54c75c70d824550bb21,0.0,,0.0,,0.0,,0.0,0.0,0.0
0x536305e438e4120c09ddd5b30e5ad55a8bea3a2d,0.0,,0.0,,0.0,,0.0,0.0,0.0
0xefdca38b18b7a6a7bf937d13ae6f8efc32f15774,0.0,,0.0,,0.0,,0.0,0.0,0.0
0xfcd991ba83bb0c10132ed03989e616916591a399,0.0,,0.0,,0.0,,0.0,0.0,0.0
0x5cc27f02c83fff6009758ba5fd654ebb1e3c35e1,0.0,,0.0,,0.0,,0.0,0.0,0.0
0x073f902e7232877a2a215c3da9ea2c74ec388703,0.0,,0.0,,0.0,,0.0,0.0,0.0
0x215e45803cc8537b9c6fa253dac574b9c43ef0a5,0.0,,0.0,,0.0,,1.0087,0.0,0.0
0xb3cb1073d6c1a857f037e97cddae4d77b301c197,0.0,,0.0,,0.0,,0.0,0.0,0.0
0xfb5c4e3acc53038b2d610f30c017479e9665c442,0.0,,0.0,,0.0,,0.0,0.0,0.0
0xabe67d45510ed52d3aaa231f37339620be2bf4ea,0.0,,0.0,,0.0,,0.0,0.0,0.0
0x9cfb0ed6a4971f7b551dcf8c98ed017948e62622,0.0,,0.0,,0.0,,0.0,0.0,0.1428479777
0x35055dc57b925bcc2cbbfdd75e4f2a7e4698c4e0,0.0,,0.0,,0.0,,0.290498385,0.0387979386,0.0
0x9f68aa87f341daebfb8c0fb2a74c35de5fdf266e,0.0,,0.0,,0.0,,9.483,1.3304,9560.7786660734
0x760801fcbe8747a9e45be13692851e656fc7f30c,0.0,,0.0,,0.0,,0.0,0.0,0.0
0xed69563e7ec4f1e538ef88bb7927bff5de2e4caa,0.0,,0.0,,0.0,,0.0,0.1197636235,0.0
0x736d3443423c0783389c1840abbc369e0bf2b831,0.0,,0.0,,0.0,,0.0,0.0,0.0
0x3299d5eee1934480072e21d6747dabe7b4d4a73d,0.0,,0.0,,0.0,,0.0,0.0,0.0
0xf73c30dd06c30c06d8818dd21c3b3368df5be21d,0.0,,0.0,,0.0,,0.0,0.0,0.0
0xeb1389c5711f00d6e24263f4d329b648d3ac1b6a,0.0,,0.0,,0.0,,0.0,0.0,0.0
0x280f5ac17c6d484364230a404e1092239f96740f,0.0,,0.0,,0.0,,0.0,0.0,0.0
0x43d0cff35ed8506802acc75e771ca0f4897e4a74,0.0,,0.0,,0.0,,0.0,0.0,4911.1037046134
0xba05f4a3639ebcdf1e9ea8bb8c0a00f3511b97ce,0.0,,0.0,,0.0,,0.0,0.0,0.0
0x73adc9f5240c3b629f69bceceea79d83e05ba1c8,0.0,,0.0,,0.0,,0.0,0.0,0.0
0x57b5b622d954695b926bcb01f952630bef5be7e8,0.0,,0.0,,0.0,,0.0,0.0,0.0
0x615190cc7420b3419dedb89c811cf9b44ba06454,0.0,,0.0,,0.0,,0.0,0.0,0.0
0x04aeca8448f731f31e7e8d615771b5d5db171d16,0.0,,0.0,,0.0,,0.0,0.0,0.0
0xa76e3f4ebaa24c82f9703d1f4f4e58d5a48b6853,0.0,,0.0,,20364.396637545917,0xac4dc3a2fdc09c72d8c5e3ff0d8464dee5c9762b997ecbda8889fe0da336904c,1.8979,1.6253146106,1486.1834299289
0x41022aed2cde27591ca13088d1f58ba8e56790a7,0.0,,0.0,,0.0,,0.0,0.0,0.0
0x99611cd42b6281a9cbdee97f9e4bff51a8b1c5cc,0.0,,0.0,,0.0,,0.0,0.0,0.0
0x9cb474f36b4fe2742265872abebff4e95f470bb0,0.0,,0.0,,0.0,,0.0,0.0,0.0
0xe3d69bcab5daaea39787eeaf4c0369de366d71bd,0.0,,0.0,,0.0,,17.8457817216,0.0,0.0
0x6e81c8cb5c0a2edb9194cacc025944f9795676b5,0.0,,0.0,,0.0,,0.0,0.0,1716.1506944377
0x05945725ee95ee726175ee3f009a90a2bd3b07b2,0.0,,0.0,,0.0,,0.0,0.0,0.0
0xad46e733eefdda3326dad3e74574dc37bfd57ccc,0.0,,0.0,,0.0,,0.0,0.0,0.0
0x609655e663a52bcaff462feb4cd0dd81fe9b7800,0.0,,0.0,,0.0,,0.0,0.0,0.0
0x12c8e86020ff165bd16f0d54aad3dd243168ac26,0.0,,0.0,,0.0,,4.7336,0.0,0.0
0x0a97866699bc68d01e3de5b78e3d77947a7b94b5,0.0,,0.0,,0.0,,0.0,0.0,0.0
0x803585733d4554e712dcacc2acea3a23b96de1e0,0.0,,0.0,,0.0,,0.0,0.0,6335.1183016788
0x15a0354fc41c2cf758e307ba412aa912893254c0,0.0,,0.0,,0.0,,0.0,0.0,0.0
0x11b6f3940c685499b89b9a790fa1e261406f4cde,0.0,,0.0,,0.0,,0.0,0.0,0.0
0xd6077e7d903b91c0bfd9a6f4b484ed3bcfac56bb,0.0,,0.0,,0.0,,0.0,0.0,0.0
0x70740c6bb457dba3de353871dd4349a900a093ad,0.0,,0.0,,0.0,,0.0,0.0,0.0
0x8ded31a6f83559bb505684119c1ae4bd853ca1c0,0.0,,0.0,,0.0,,0.0,0.0,0.0
0xe9d6719dc5f7b313c4b5817c03df9e183f41a3ad,0.0,,0.0,,0.0,,22.883671694,2.9755030188,0.0
0xfaedcfb18616e94ae98e30f140b5fcf2012b3b96,0.0,,0.0,,0.0,,0.0,0.0,0.0
0x940d1731dee4a3ea6429646bb0678a2b9c5fbb5a,0.0,,0.0,,0.0,,41.3639952621,0.0,0.0
0x0839eb74410ac92b00d2b5d517fb4dba921859ec,0.0,,0.0,,0.0,,0.0,0.0,0.0
0x849b29db3ef4fd03f5848637a7d925703e86b815,0.0,,0.0,,0.0,,222.32064997229998,3.7620457896,29838.865051371
0x204493e5f08d9e00eb1470e120f01b530fb2983a,0.0,,0.0,,0.0,,51.173236774799996,10.1260557225,363.6549568058
0x03089e6f5fd9e88a2578ffa70b048a7792bb999d,0.0,,0.0,,0.0,,0.0,0.0,0.0
0x358b7b4d93b1a750947d7eb1b74d56025e4dd3c5,0.0,,0.0,,0.0,,0.0,0.0,0.0
0xe201032d0133d4ee5afd7f5d12102859e4ad0524,0.0,,0.0,,0.0,,0.0,0.0,0.0
0xd8d85a9091460fc84f6cc54cf65f30012e2b29ec,0.0,,0.0,,0.0,,0.0,0.0,0.0
0x15f490fe47a84a50c75b0cc4c1f4b17b7188306d,0.0,,0.0,,0.0,,0.0,0.0,200.0
0x5efb9b1edc13f10d8f0a9370bb451f1d4670092b,0.0,,0.0,,0.0,,0.0,0.0,0.0
0xb8fbd3497c0946933ec44a4e18c9f77cb9dc6b72,0.0,,0.0,,0.0,,0.0,0.0,0.0
0x93c6ebb7d104dc41b7140f546b57c5f6d027ecd8,0.0,,0.0,,0.0,,0.0,0.0,0.1421507264
0x2ac84584e89d251181130771359b0f2aef1c78bc,0.0,,0.0,,0.0,,0.0,0.0,0.0
0xc5b29d673f6b4d9e85602e98072fd184c6323af3,0.0,,0.0,,0.0,,0.0,3.398987062,0.0
0xdf31ec29f5d518676e3fef5878928686f3640fc0,0.0,,0.0,,0.0,,0.0,28.4589205679,1015.7387557992
0x4ac610c8504d7fc0f814636dcb805d20ede938cf,0.0,,0.0,0x9cc179d98e1bfe74eb438dc92d74ea5f082403ca51647b41b66e900ad7cb1c39,0.0,0xab2815ccb49f407de0059b18325d568d67e1c5dab71d1d41783baf9eaa27d852,1.6257506063,0.0,0.0
0xc8fdf409f134529dc903318e580909eb7269e767,0.0,,0.0,,0.0,,0.0,0.0,0.0
0x6bcfa06984d14afbef3ad58efa0885ea8d2b35c0,0.0,,0.0,,0.0,,0.0,0.0,0.0
0x6661f25504cc6936f6c129feaa9e520e231ffc06,0.0,,0.0,,0.0,,0.0,0.0,0.0
0x80a1744bce2ea7daa41539dd52edda524d250ddb,0.0,,0.0,,0.0,,0.0,0.0,0.0
0x7e38a708e497220e65875fcb2748bbab16efb3d6,0.0,,0.0,,0.0,,0.0,0.0,0.0
0x1a53c37132a5c86190556aa0b834b0b4b9dbc55e,0.0,,0.0,,0.0,,0.0,0.0,0.0
0xc364dcc9548329a8c79062f340bdd2e428b4ef22,0.0,,0.0,,0.0,,0.0,0.0,0.0
0x5cd3d18b42153969372da9f0921b7bc2136d7d6e,0.0,,0.0,,0.0,,0.0,0.0,0.0
0xd32f331ac74d1e3508c74e03d51f8e5ac29c05f4,0.0,,0.0,,0.0,,0.0,0.0,0.0
0xcac7f1cd0ba11fda3ecd3cf52b2823393c9c4ee1,0.0,,0.0,,0.0,,0.0,0.0,0.0
0x6efac6d913bf15a02794b3016412c6c8b3997ab3,0.0,,0.0,,0.0,,0.0,0.0,437.408574289
0x0e18c59e4f6511e317d6d430148651c8205841ec,0.0,,0.0,,0.0,,0.0,0.0,0.0
0x428d4e66ae725d41013f7f6fa75f66fd099d05d4,0.0,,0.0,,0.0,,2.4386653972,0.0,0.0
0xe890814c04db3344aa6b93ed66f5f6fc735c26b1,0.0,,0.0,,0.0,,0.0,0.0,0.0
0x3c75246858329984a67ca73cfc3df35a8d8b70a1,0.0,,0.0,,0.0,,0.0,0.0,0.0
0xfd97827eced33d65aed320e4a556716a93d710fd,0.0,,0.0,,0.0,,0.0,0.0,0.0
0x3a7c9f82ab145d61ee95a099d17ae399d8c2d4d5,0.0,,0.0,,0.0,,0.0,0.0,0.142043885
0x5bca66641d8ace5607209a3727c04907c15e2d77,0.0,,0.0,,0.0,,0.0,0.0,0.1421343817
0x939c4d2f7eda4d5c74e5dfc47bd4846825e2f339,0.0,,0.0,,0.0,,0.0,0.762,0.0
0xc0e023aca83d0920de74924e3c77f302a26bc40a,0.0,,0.0,,0.0,,26.6397669117,3.7556025084,0.0
0x6c4541584928fce47c7679ce4ca9b10b27b461d0,0.0,,0.0,,0.0,,0.0,0.0,0.0
0x2fa5fcc93ac9b373ef0065708330f7cac493fea7,0.0,,0.0,,0.0,,0.0,0.0,0.0
0x262cda145d2dc6a12814b4f8f44f1adc1352464c,0.0,,0.0,,0.0,,15.8895407944,0.2592809318,0.0
0xe79006bf4a3c0ad0cd5f0a6021d98ef8366fb9c3,0.0,,0.0,,0.0,,2.3012729255,0.0,0.0
0x8e08e9b8f48ab7c388fbd89b889ff7f1d18782a8,0.0,,0.0,,0.0,,0.0,0.0,0.0
0xd1f77a63579b2e30827011c4c9dbe799866b84b1,0.0,,0.0,,0.0,,0.0,0.0,0.0
0x65e54a09ed01fc65ebfc001ab790f3a1bd8e8992,0.0,,0.0,,0.0,,0.0,0.0,0.0
0xe0b54aa5e28109f6aa8bedcff9622d61a75e6b83,0.0,,0.0,,0.0,,0.0,0.0,0.0
0xd57de2fe6531a55ab609b5c7d33a099ad7670f5f,0.0,,0.0,,0.0,,0.0,0.0,0.0
0x3c438d63c9001378c32a730c6493494e94d251fe,0.0,,0.0,,0.0,,0.0,0.0,0.0
0xe4490794ef223eb63ac64c8b1138ec95dd1cfd99,0.0,,0.0,,0.0,,0.0,0.0,0.0
0x757f42651931d1bd5e679250ddd86426b8f10f73,0.0,,0.0,,0.0,,0.0,0.0,0.0
0xf5a1068df90515adc25dd5e551c5aac37b6d565f,0.0,,0.0,,0.0,,0.0,0.0,0.0
0x5dfd80457007e8eca712a377529f12baa845aecd,0.0,,0.0,,0.0,,0.0,0.0,0.0
0xb973b4585e5a211936683f9f323907495e01485c,0.0,,0.0,,0.0,,0.0,0.0,0.0
0x421a8a0c6388faa1550e2636538d8d7605a8cede,0.0,,0.0,,0.0,,0.0,0.0949793432,0.0
0xf807f3acd90ff00167873f389dd4087ea6b7a9ad,0.0,,0.0,,0.0,,0.0,0.0,0.0
0xc2f67807fa734cfc82d83a0ee6a11225b1c4fd52,0.0,,0.0,,0.0,,0.0,0.0,0.1428079419
0x0000ebe21c20a63f5ff5b19f4713317371e2c935,0.0,,0.0,,0.0,,0.0,0.0,0.0
0xd235864c985cef5ebe8a19355e9dd1a8fd9d16a2,0.0,,0.0,,0.0,,0.0,0.0,0.0
0x399343d37f555fc419ab9476ab5c9d87679ed246,0.0,,0.0,,0.0,,0.0,0.0,460.5752175889
0xc917ae195ceef373db13b9a3d0e46814774761f9,0.0,,0.0,,0.0,,3.054369946,0.0,0.0
0xb4636ff73dd55fe8da70450d32bd6dc2401f0470,0.0,,0.0,,0.0,,0.0,0.0,0.0
0xb286a69751da07df31eb2f9962bec077f351b0b1,0.0,,0.0,,0.0,,0.0,0.0,0.0
0x5d5db4201ef615653d5b618433d19efdf4fe0c20,0.0,,0.0,,0.0,,0.0,0.0,0.0
0xc112c0cd734a24339712de158aa1b8d64e1d97fc,0.0,,0.0,,0.0,,0.0,0.0,0.0
0x7507f84610f6d656a70eb8cdec044674799265d3,0.0,,0.0,,0.0,,0.0,0.0,0.0
0x6c3e4a2b456b4eb8e7509818a891af0ecebf90d8,0.0,,0.0,,0.0,,0.0,0.0,0.0
0x58a766a853c0a5aad8cf594f12131e026088707a,0.0,,0.0,,0.0,,0.0,0.0,0.0
0x18fef4a01febd7934ed0b84ba3d8790f92f53ccc,0.0,,0.0,,0.0,,0.0,0.0,0.0
0x2f708746673dfa0e07b4cdd884ab83ac32b89e8d,0.0,,0.0,,0.0,,0.0,0.0,0.0
0x25c7a3108317e8ae1944ee3f7abcb91da440ae02,0.0,,0.0,,0.0,,0.0,0.0,9746.0625762283
0x59a183b484b167c72d295a4344428ced0cf97c4f,0.0,,0.0,,0.0,,0.0,0.0,0.0
0x878d5ab1fd270f94a301015592daa31b006dd5ff,0.0,,0.0,,0.0,,0.0,0.0,0.0
0x1404b99906469033294cc69c84857c418fc135d2,0.0,,0.0,,0.0,,0.0,0.0092284069,0.0
0xd08da4b9c953138f651f1d101e9db628fc8b5bda,0.0,,0.0,,0.0,,0.0,0.0,0.0
0x794af8b373c2378ecfc2a3582a4a0ca2aae3c6de,0.0,,0.0,,0.0,,2.177844267,0.0,0.0
0xb0ff7c60a691b4a7d534dcd423db35d59ca2372d,0.0,,0.0,,0.0,,0.0,0.0,0.0
0x12131d13a063df3601887470f6126243c2865081,0.0,,0.0,,0.0,,80.2587807519,2.8018959568,17352.031923025
0xe664c5f4c4fef417c203d401448801ee43f665d5,0.0,,0.0,,0.0,,33.9136721772,11.8990423758,2655.3571888995
0x3f343180c5fe20d0b9960c12685261a62e0f6f48,0.0,,0.0,,0.0,,0.0,0.0,0.0
0xb3f876c9972339a1405346b1a8a27204f0bc154a,0.0,,0.0,,0.0,,6.6156,0.0,6037.7146055108005
0x22a48624f933c53bd62f2e4db2cf432b85b6c18f,0.0,,0.0,,0.0,,0.0,0.0,0.0
0x418ecfcee63485ddcbf384f1c782320fe635495d,0.0,,0.0,,0.0,,0.0,0.0,0.0
0x6cd1230270f4e1c419c2b3f37f5fc40f3c80a243,0.0,,0.0,,0.0,,0.0,0.0,0.0
0x80b23b59d3019da27113c05314fe16895b3c6404,0.0,,0.0,,0.0,,0.0,0.0,0.0
0x6ec04cbe2f8e192d8df0bcf94afb58a4094f7c91,0.0,,0.0,,0.0,,0.0,0.0,0.0
0xcd8a6d3cc654f7e12046b28fc3652fb29e3279c7,0.0,,0.0,,0.0,,0.0,0.0,0.0
0x9ad7f1ce70b55836f387fc7016016001befd5bf6,0.0,,0.0,,0.0,,0.0,0.0,0.0
0xf89be5526fd654da221f6d435403b39b9ea0eee3,0.0,,0.0,,0.0,,0.0,0.0,0.0
0x52b4868b362adc3365b9a110ecbfe71e2b36bab2,0.0,,0.0,,0.0,,0.0,0.0,0.0
0xbe93c29b52a324b2dd8909a99d125c8c6647cbcf,0.0,,0.0,,0.0,,0.0,0.0,0.0
0x18563fdcf0a65492561f38d66fbf377fe384067e,0.0,,0.0,,0.0,,0.0,0.0,0.0
0x5bb60bfb60299685919cf6d9b9068372d16b8cf6,0.0,,0.0,,0.0,,0.0,0.0,0.0
0x40f3ab7c027b056803f36591b63cf84db7b3c0e1,0.0,,0.0,,0.0,,0.0,0.0,0.0
0x1624e7cf6a98a3b8b4a55376cb9c4a88808e21bf,0.0,,0.0,,0.0,,0.0,0.0,20.0
0x88d4d2c0aa548b93ba78e04754720b7567c3e239,0.0,,0.0,,0.0,,0.0,0.0,0.0
0xc45580e10ce929bd6c1a6afa34325d06fc62a208,0.0,,0.0,,0.0,,25.110005853700002,0.0,0.0
0x0b2afdfbc91090e83d95b5aa445f31e7876f8e60,0.0,,0.0,,0.0,,72.4670517135,8.0955326505,0.0
0x7f4a17a61cff62dc702a2b9ad4a02a1a8b62c63c,0.0,,0.0,,0.0,,3.7019016666,0.4296478037,126.1715898153
0xd77e3d5701b99a7c7a5fd1431715cd5cada37e0e,0.0,,0.0,,0.0,,0.0,0.0,0.142909192
0x85c4fe63770e97e68626de688397f064e0e9cf74,0.0,,0.0,,0.0,,0.0,0.0,0.0
0x2cd444151d7e16ed4a242e062d9cba53e111d25a,0.0,,0.0,,0.0,,0.0,0.0,0.0
0x9f04f3313e46a68c6acf048c9528ecac87d0f9df,0.0,,0.0,,0.0,,0.0,0.0,0.0
0x6861ca8bb8352f1c887258998a44d0412137b03e,0.0,,0.0,,0.0,,0.0,0.0,0.0
0xc78df354b0b08c0f451619b791fcf098291a187e,0.0,,0.0,,0.0,,14.9574600608,0.0,426.71213616269995
0x451660547d65bd9131b25381ab62993b5ef1c96c,0.0,,0.0,,0.0,,0.0,0.0,0.0
0x7d48e29caba7df5489e6419532d566a9becb7692,0.0,,0.0,,0.0,,0.0,0.0,0.0
0xf0e4f29fdf32830ad00593dbdca90fe2c7d2118d,0.0,,0.0,,0.0,,0.0,0.0,0.0
0x61fda6d231bbd130895f4533161b0f73d55d5496,0.0,,0.0,,0.0,,56.8139115553,0.0,4.1e-09
0x17ce856f09235a19238fc1d6e4426cd6e8aa4c03,0.0,,0.0,,0.0,,0.0,0.0,0.0
0xf569d63dca6eaca8fb8162482775ede0980be1bc,0.0,,0.0,,0.0,,0.0,0.0,0.0
0x08f597e5c369224122843ccc57ba83f996017fb2,0.0,,0.0,,0.0,,0.0,0.0,0.0
0xe6e58e32c9ecf0db49ab3705aadc71e76c02734b,0.0,,0.0,,0.0,,0.0,0.0,0.0
0x420c28f4aa78413640977e55ee6455c0c5c95112,0.0,,0.0,,0.0,,0.0,0.0,0.0
0x5341c9127998b9a9d8e31d5a3f8142aae2074d19,0.0,,0.0,,0.0,,0.0,0.0,0.0
0xef347c091f0f731427b67d1bf3a47e02395c9479,0.0,,0.0,,0.0,,0.0,0.0,0.0
0x147fdcf537556d459ffb160a61297c8168507e81,0.0,,0.0,,0.0,,61.8792232287,7.191310226300001,0.0
0xed6e7263a56716f8a4759b5b6eb281329d7a568a,0.0,,0.0,,0.0,,0.0,0.0,0.1418257192
0x8e70f224bc5b33c74930112f3e4fe71d71963104,0.0,,0.0,,0.0,,0.0,0.0,0.0
0x74c33b12aff05fd2725bfeeb39f60e107e27e0ec,0.0,,0.0,,0.0,,0.0,9.323004488299999,3533.8232794
0xc9f69950263e9c488329c7788f0189359efc2351,0.0,,0.0,,0.0,,1.0220583402,0.0,0.0
0x7a19d8952181656f882322f15d5c63a6eafd5227,0.0,,0.0,,0.0,,0.0,0.0,0.0
0x3fd42cfa3dc9f30b3fadadbf96adac6bc4c1b49f,0.0,,0.0,,0.0,,0.0,0.0,0.0
0x77784622b70c90545bbf219629384cb278b7bade,0.0,,0.0,,0.0,,0.0,0.0,0.0
0x796aebafb3f5ab35aa954f31132746f9d23818b9,0.0,,0.0,,0.0,,0.0,0.0,0.0
0x46499bd181782641c55b170523ba074ce85f9fe7,0.0,,0.0,,6383.285605444154,"0x1eb06251529d9fa8505d1437edf6ed9ea7d0337e746c35421ca648b9df5c803c,0x5eb9a98f78445295112cc04c37d371768c7d1ac2e42c00dd3ebfe2d3afc5ad64",3.5673717161,0.4850767659,457.5823888163
0x98e58a599f6793f3472bdf93123df20f79ab2456,0.0,,0.0,,0.0,,0.0,0.0,0.1418301199
0x66cac7255d325ad4030caf6e396cb38f15a163d0,0.0,,0.0,,0.0,,0.0,0.0,0.0
0x2a942dc736a65ca39270710a6c15220c6c666eae,0.0,,0.0,,0.0,,0.0,0.0,0.0
0xe5917bef04e2e95f9e70c3e1e0129092d80e5c5c,0.0,,0.0,,0.0,,11.907392312399999,0.0,0.0
0x303425052e462dd0f3044aee17e1f5be9c7de783,0.0,,0.0,,0.0,,0.0,0.0,0.0
0xa750d0748a91054f36f4450d48dbab406e479a33,0.0,,0.0,,0.0,,0.0,0.0,0.0
0xab3dae1dc3aadf89d397b5b0f64b87ec172c2f73,0.0,,0.0,,0.0,,192.49103500209998,26.0704,0.0
0x32bd354124b38d918747a07f3eec6f7c37c21a12,0.0,,0.0,,0.0,,0.0,0.0,0.0
0x069ef42335a94d532212079175ef1481bc832e9b,0.0,,0.0,,0.0,,0.0,0.0,0.0
0xf9c0e91d186b183519309a6c3bbaecc2ffdfe88e,0.0,,0.0,,0.0,,0.0,0.0,0.0
0x438c28f6c0840143f935e46bd3b9db767804c100,0.0,,0.0,,0.0,,0.0,0.0,0.0
0x3e80a9a1b236bbbf97fa1bb9bb4057dcc86b9112,0.0,,0.0,,0.0,,0.0,0.0,2905.2921183333997
0xbb524b14201f24eaf45b99e29c7aeb8f7f9db1ab,0.0,,0.0,,0.0,,0.0,0.0,0.0
0x2d19624dd8bc9bdb4ae1460cf0f9d6d3a2b04199,0.0,,0.0,,0.0,,0.0,0.0,0.0
0xf40c2fa57a147ce4662f730497e5bc0c20fd313f,0.0,,0.0,,0.0,,0.0,0.0,0.0
0x4e05695501507c61bcfe360a25fb087a8d8ff542,0.0,,0.0,,692.0229973329331,"0x2a8f83851096165e5516ddb9a7dce35c72b4d4c92407ddd623497adc2ee7d556,0x4b4db78b11f27417d8e66702e4fca10ea54c8858090ec77a259de77e77cbd794,0xc198b5240c40883802ffd708f7ec17557b494c87582b148fcfa16cfb522870e9",2.7031742275000004,0.244250706,49.5013272956
0x014d82ea060ff731f208579c978d546b8f692f9e,0.0,,0.0,,0.0,,0.0,0.0,0.0
0x6039de0e02908aa3f7b6b887aac325b354a1fd24,0.0,,0.0,,0.0,,0.0,0.0,0.0
0xf7543ad1996e868b881196967508b46d8e738281,0.0,,0.0,,0.0,,0.0,0.0,0.0
0xf2f4c866fad39e2699d665ede66641c6ffe2baa7,0.0,,0.0,,0.0,,0.0,0.0,0.0
0x8ded83b21347a23779004eba17c6c1ee3a62f6d5,0.0,,0.0,,0.0,,0.0,0.0,0.0
0x15c39594ad7a44318e22a3b39b8efd2e861af981,0.0,,0.0,,0.0,,0.0,0.0,0.0
0x7a50c3292a0c95443c2dd76245e2fc8c44fa32ec,0.0,,0.0,,0.0,,0.0,0.0,0.0
0x017de4d84a7be24e6ff07137c06e93053feaf9ed,0.0,,0.0,,0.0,,0.0,0.0,0.0
0xa380b9a090187d89ab14e03a8540791de5a662a1,0.0,,0.0,,0.0,,0.0,0.0,0.0
0x78876ed849c98c817120d08e94184852e0e5340d,0.0,,0.0,,0.0,,0.0,0.0,0.0
0x6062c1a0865fdcd5bbb664606376d3a77ce3d8ba,0.0,,0.0,,0.0,,0.0,0.0,0.0
0x3ee86debd97cb82f0829a869fd23c3543b270125,0.0,,0.0,,0.0,,0.0,0.0,0.0
0xff140e5cc7977b31af3a3ba2972c8253bfd4ad38,0.0,,0.0,,0.0,,0.0,0.0,0.0
0xd10249d84e9a8e03be192d580eea8013e50890e6,0.0,,0.0,,0.0,,0.0,0.0,0.0
0x064d72f64496491a14cd880a1d018f3cc07376a0,0.0,,0.0,,0.0,,0.0,0.0,0.0
0xdbe97841d5bae9687a7500e70ab43a4dc4fc2fc3,0.0,,0.0,,0.0,,0.0,0.0,0.0
0xa5070fed44aecf80b25b53c7109779ad7f414dc5,0.0,,0.0,,0.0,,0.0,0.0,0.0
0x26d0b30ca746dd2a6dc090ec77ff6088d052ac0e,0.0,,0.0,,0.0,,0.0,0.0,0.0
0x638e9a44244067b3d977d49ba55d7ff9ff0e7b5a,0.0,,0.0,,0.0,,0.0,0.0,0.0
0x4c1f58d3ded593b018ca2ec4228399df39cfdd6f,0.0,,0.0,,0.0,,0.0,0.0,0.0
0x0e018c0b57fe11796e1166adf7c7d3031db16d7d,0.0,,0.0,,0.0,,211.7083856394,18.2876413255,0.0
0xe786810dbd4b0c9862059a766d834df50fbf4e1b,0.0,,0.0,,486.4091445304764,0x6b4b9447b959bd5e1db9012769da900e1cd3f3fa06e5368305a2491cf754b7fb,0.0,0.0,35.421372239
0x77cf4f6eb1d5d2a0d13b8b5625da41e58681f9b4,0.0,,0.0,,0.0,,0.0,0.0,0.0
0xb3b36127d3fab92faf079ac4c0782865847f0c84,0.0,,0.0,,0.0,,0.0,0.0,0.0
0xf17d1fa1484964b143112a311af39e412ba84726,0.0,,0.0,,0.0,,27.0418,6.154827946,0.0
0xb9771f0b0adcdfdc1133d692ec9c351be6871b1e,0.0,,0.0,,0.0,,213.12593372,33.0,0.0
0xf90b4a0635f42898de384163423a59256e8aa17e,0.0,,0.0,,0.0,,0.0,0.0,5117.5510273572
0xbc7756bc05d67d974c267f8bdecb3faf05af2bf2,0.0,,0.0,,0.0,,2.5705743092999995,0.0,4832.3649295342
0x6c27a76749347c596c28364db1249538cdec45ae,0.0,,0.0,,0.0,,0.0,0.0,0.0
0x37b3fae959f171767e34e33eaf7ee6e7be2842c3,0.0,,0.0,,0.0,,0.0,0.0,0.0
0xd467d91bf838860c6c34a9d2966fd06fc4e72549,0.0,,0.0,,0.0,,13.1254,1.3282788868,0.0
0x17730e70525c6d9f2708a13d95001108a9060866,0.0,,0.0,,0.0,,0.0,0.0,0.0
0x47231bafc89c07a1826adf318725b69d7d40535f,0.0,,0.0,,0.0,,9.9250674251,0.0,0.0
0x6deba0f8ab4891632fb8d381b27ecec7f7743a14,0.0,,0.0,,0.0,,0.0,0.0,0.0
0x76936c74b4e359bc43ca8c39e74a0a74de5c9eb8,0.0,,0.0,,0.0,,0.0,0.0,0.0
0x83f1e6eebdc64611678be3329f349373ea30bedc,0.0,,0.0,,0.0,,6.6162980756,0.0,2478.1935244262
0x35fda7babaa56ae6eb4fabf352897ac5a6ea8595,0.0,,0.0,,0.0,,0.0,0.0,0.0
0x7f20dd584d944c1e30edaa03e3032a2aebcc9b2d,0.0,,0.0,,0.0,,0.0,0.0,0.0
0xc942173948390da7b6e463ff4bab1ccc756839ac,0.0,,0.0,,0.0,,0.0,0.0,2386.9412993137
0xec7c56d0cb5f8575cebee06b2030310ed5bca90e,0.0,,0.0,,0.0,,0.0,0.0,0.0
0x05f668b4dc0a8d66cf8b4fe552722d9e2202d818,0.0,,0.0,,0.0,,0.0,0.0,0.0
0x860e81e32f6d423ce01e28ac099d1db204648933,0.0,,0.0,,0.0,,0.0,0.0,0.0
0xa4b795bdd0a1163d956032cf5cd004dde4186725,0.0,,0.0,,0.0,,5.0940744676,0.0,0.0
0x2877fc6cdcbf47c940321a957369be30b39c4a6e,0.0,,0.0,,0.0,,0.0,0.0,0.0
0x598dad9f1d0c3c3437f0564ed5c3548952cccb11,0.0,,0.0,,0.0,,0.0,0.0,0.0
0x685cfe74d1fa9bfcd3182905a1f8923121e8729e,0.0,,0.0,,0.0,,0.0,0.0,0.0
0x4fd4142ecb4f82b7540845564f511f9b8dcee8e8,0.0,,0.0,,0.0,,15.5413052592,0.0,20.0
0x65186a4a2e24fe0362c0a56d2b18824ce1a1d9a0,0.0,,0.0,,0.0,,0.0,0.0,0.0
0x6c37d22b5d8c826a4f8ed2829e98f740b1acbddf,0.0,,0.0,,0.0,,0.0,0.0,3359.7475067967
0xf53540a33fbb912b32e13642157b69fecc2ae84c,0.0,,0.0,,0.0,,0.0,0.0,0.0
0x9133f68392a8dc204fa8dd2e023642d769a24096,0.0,,0.0,,0.0,,0.0,0.0,0.0
0x97d35267c8ea415cdeb82dd6025f9ed73ccce0b0,0.0,,0.0,,0.0,,0.0,0.0,806.9651089456
0x115a0f0303c8a74a3654e0f960cf09d7f325f169,0.0,,0.0,,0.0,,0.0,0.0,0.0
0xa1e7c4ddb4c05834aa2ba83b58314781a0f85a47,0.0,,0.0,,0.0,,0.0,0.0,0.0
0x66189384ffa71f40f2ab11388ee125ee6d4ec6d7,0.0,,0.0,,0.0,,0.0,0.0,0.0
0xf7ce23e950d7ae6f56ee6dd245446c548cf8eafa,0.0,,0.0,,0.0,,0.0,0.0,0.0
0xe9aa4e15c840bf13395d66442b5a761e2a8edba2,0.0,,0.0,,0.0,,0.0,0.0,0.0
0x394cf3f6a977f9b2b723eb1afea3ec89f06bbb87,0.0,,0.0,,0.0,,0.0,0.0,0.0
0x35ef34b7fed85a6f1919714dedb366d8e6709283,0.0,,0.0,,0.0,,0.0,0.0,0.0
0x2ac7d8688c10d5615b19f3ab550ccd4f540c5155,0.0,,0.0,,0.0,,0.0,0.0,200.0
0xdf1d941b7fe8081894547cca467b39f36bb97070,0.0,,0.0,,0.0,,0.0,0.0,0.0
0x9c729c88f8e523a661bdd1938dd447ac6fdb499f,0.0,,0.0,,0.0,,0.0,0.0,0.1426625875
0xffa83dd2d5fbf7dd2e26bbd571b85bbf192c35f6,0.0,,0.0,,0.0,,0.0,0.0,0.0
0x987b45372c4c890cae2b56e058c84c3696cc0654,0.0,,0.0,,0.0,,0.0,0.0,0.0
0xd75bd164d245d85ea94bc363371b0511250212bc,0.0,,0.0,,0.0,,1.2090358318,0.0,0.0
0x2b96d2a3bc8237aeaf392f1af39e70b230f4ee48,0.0,,0.0,,0.0,,0.0,0.0,0.0
0x9454f17a6bcc36cfbc8a07011b33dafcebe4050b,0.0,,0.0,,0.0,,75.8405115176,3.5731940874,0.0
0xb6128e1f893af263600a78dac17ad04c8bb079e9,0.0,,0.0,,0.0,,0.0,0.0,0.1427789581
0x56e527333720ad7a12f9075d4b8a1019f6e9f664,0.0,,0.0,,0.0,,0.0,0.0,0.0
0xe9dc2083d999786e39c21515a3d2847ca2e4f036,0.0,,0.0,,0.0,,0.0,0.0,0.0
0xd376f87249f959555efd518129e29d4d792d4847,0.0,,0.0,,0.0,,0.0,0.0,0.0
0xc7ef8c563f90f2964958c62a150fc26c171bab59,0.0,,0.0,,0.0,,0.0,0.0,0.0
0xeefa6898191c92690bd8ef1bb972096d2971bcf0,0.0,,0.0,,0.0,,0.0,0.0,0.0
0xbc28d66175e079af01cdb13ab898524933157f8c,0.0,,0.0,,0.0,,0.0,0.0,0.0
0xf33b01917e5f5c00ad2a30bb7df0e35f78776e77,0.0,,0.0,,0.0,,0.0,0.0,0.0
0x6c0e6bd03ebc1e90780b8454453f3beecf9d6cb0,0.0,,0.0,,0.0,,6.7114,0.127604671,3223.4853133106
0x27e0ccaeef387c1b2f36fab080b26f250544f740,0.0,,0.0,,0.0,,0.0,0.0,0.0
0x6277f0457cbd2ded7ba93a8338d1deb1d08a8795,0.0,,0.0,,0.0,,0.0,0.0,0.0
0x754324689d526fa202e4630df9a1f8bded27a61e,0.0,,0.0,,0.0,,0.0,0.0,6198.827625067601
0xa6f97000c00e920535d62f57afda70cc1c278fee,0.0,,0.0,,0.0,,0.0,0.0,0.1443038415
0xf8340e003f0bc5b8906bf0996908c516fc8b11ca,0.0,,0.0,,0.0,,1.0137,0.0,0.0
0x9e14ec7f145dfccf2e6b99309e1e075e202ed53d,0.0,,0.0,,0.0,,0.0,0.0,0.0
0x5589e5e0a3c9dec765c56f942ffe8d663dbfbd4b,0.0,,0.0,,0.0,,0.0,0.0,0.0
0x914cb3ff08c4e750bb3808c2c417162dd81258e6,0.0,,0.0,,0.0,,0.0,0.0,0.0
0x550e9cf71c7925d8610c35a6d230d31e06c7a5e1,0.0,,0.0,,0.0,,0.0,0.0,0.0
0x767d3d89a29ea410770338679e7a03fdfe7bd70c,0.0,,0.0,,0.0,,0.0,0.0,0.0
0x9a2d78d1d3f1df6216638760651b976a4ef03cfe,0.0,,0.0,,0.0,,0.0,0.0,0.0
0xeb79e48ffb8f51fbeea83ae94a38b935555e317b,0.0,,0.0,,0.0,,0.0,0.0,0.0
0x421520d888bbdc000000e0d3fb0341f81a2e43ea,0.0,,0.0,,0.0,,1.4552089607,0.1939783433,59.169939197699996
0x762a4b0179f7872c94d69aab0e02702f1db3418c,0.0,,0.0,,0.0,,0.0,0.0,0.0
0xa2b4c41451943e4aa8d668eb4643e587ace61209,0.0,,0.0,,0.0,,0.0,0.0,0.0
0xbeedf92bf619aff47abfdb8363c836e378521057,0.0,,0.0,,0.0,,0.0,0.0,0.0
0xdfb5c82babae57b133f3275c190dcbb7a20df2a4,0.0,,0.0,,0.0,,0.0,0.0,0.0
0x90be86e6144acbdcdf2709c4798c8dc7c641b316,0.0,,0.0,,0.0,,0.0,0.0,0.0
0xf06c9d1c50b24eec2c7c6eb866889c0da7a38768,0.0,,0.0,,0.0,,0.0,0.0,0.0
0x3254b230d6360ba6fa7d15a66107685ca86c93fe,0.0,,0.0,,0.0,,0.0,0.0,0.0
0xabd48fb3956e61dd9f01d5c803fc8ac4658fc11b,0.0,,0.0,,0.0,,0.0,0.0,0.0
0x2780681db4be0792cbeeb141e76249594782563a,0.0,,0.0,,0.0,,3.3747272344,0.0,0.0
0x4efa2c42c9d540f032610753330af75be87e283e,0.0,,0.0,,0.0,,0.0,0.0,0.0
0x91285613323799bf370bf1d4daa9e2a8031ee4e6,0.0,,0.0,,0.0,,0.0,0.0,20.0
0x36dc913055f0078f45f76ffd10ae771f8aeb070b,0.0,,0.0,,0.0,,0.0,0.0,0.0
0xc2495765d7f6576660f152c6de3d25d7ba072c2a,0.0,,0.0,,0.0,,0.0,0.0,0.0
0x8f6fd4393835bf08e4884546e1e3fcc70213f71c,0.0,,0.0,,0.0,,0.0,0.0,0.0
0x9e97ea72ab761e6b6ad3afc8bff5ba1fa96bc21c,0.0,,0.0,,0.0,,0.0,0.0,0.0
0x4efd3ccfb7a1de70e1b9553cd96f9579dad10ba3,0.0,,0.0,,0.0,,1.9800792451,1.9606259364,0.0
0x784a4a8cbb988a80d0623105e289dffb49e646c8,0.0,,0.0,,0.0,,0.0,0.0,0.0
0xa592ef4b01046f1ee5c0bb89e6fc98462c74c08c,0.0,,0.0,,0.0,,0.0,0.0,0.1444720808
0x4475deadab473693f4d54be7e7db640b524c08ee,0.0,,0.0,,0.0,,10.4492282119,1.2317658882,94.08511945420001
0x18639cf693258d29994fdcdc6726bf4644e6fd9b,0.0,,0.0,,0.0,,0.0,0.0,0.0
0x0b3a07b211d6637ebd48404174f4959aa56edfff,0.0,,0.0,,0.0,,0.0,0.0,0.0
0x1a9cf2a21238b021884d36bf10cf62d6b60b9767,0.0,,0.0,,0.0,,0.0,0.0,0.0
0xeb1f482b4fa7de865c68823fddca12ddbe01aac9,0.0,,0.0,,0.0,,0.0,0.0,11641.0614423254
0x0108487a3dc8a1fdc7abbe088e58864ad92b15a3,0.0,0x73f2a87b666a7b430dd1a6073c355d9d8815e647e877bbf07e312d1c5e3acd53,0.0,,0.0,,0.0,2.9112,9723.5166997717
0xf8cb2c94ffe5dc5529b494bda89f593be4b43b2d,0.0,,0.0,,0.0,,0.0,0.0,0.0076952683
0x50033da094fcf2985a1b4bb7ff6df5e8c5e625c1,0.0,,0.0,,0.0,,0.0,0.0,0.0
0x717952f55d27637738aeb23531da2073a4c586cb,0.0,,0.0,,0.0,,0.0,0.0,0.0
0x5edf9f5b0191154b55eb732e5f0142bfc0073ef8,0.0,,0.0,,0.0,,0.0,0.0,0.0
0x24055dd936fd65002cb5ef8766b5495e32143ee4,0.0,,0.0,,0.0,,0.0,0.0,0.0
0x2749c7085cfb75e2fd02816f9638a860a45a5e49,0.0,,0.0,,0.0,,0.0,0.0,0.0
0x4dcdc2ad8ea0402b5602f96533e12b348a42018e,0.0,,0.0,,0.0,,0.0,0.0,0.0
0x8e839ad4c64d62020209ad2810b933f49975a971,0.0,,0.0,,0.0,,0.0,0.0496071443,0.0
0xbad5c7fc22a5d755b9f18d9a45fb97e8a2d87569,0.0,,0.0,,0.0,,0.0,0.0,73.25659200850001
0x21c3f0d747e2bc9e35346460fb10be9596c2ca1c,0.0,,0.0,,0.0,,0.0,0.0,0.0
0x33e6f48f7726b4f30a7ffbde4e15fa566ea69e88,0.0,,0.0,,0.0,,0.0,45.2364330792,31002.6983049332
0x9678a6564fc8dad2ec8e95b0100f24d4a1ac142b,0.0,,0.0,,0.0,,0.0,0.0,0.0
0x3881267679603ef70897df6ab83c845e9cdb2d43,0.0,,0.0,,0.0,,0.0,0.0,0.142041687
0x552d585ac9b1191a093a7b4917c84efe3ac061e0,0.0,,0.0,,0.0,,0.907,0.0,0.0
0xa41f59006e27eb08cf23e6e8324b31f5264a4ad0,0.0,,0.0,,0.0,,0.6662418776,0.094347881,0.0
0xb8ca532ded4bd78b91136356712328794559712a,0.0,,0.0,,0.0,,0.0,0.0,0.0
0x69906da099fad2fc1129cc034119d474d5a43a14,0.0,,0.0,,0.0,,0.0,0.0,0.0
0x8d51d1755df11675133f42d8ac7cae9bb76862ee,0.0,,0.0,,0.0,,0.0,0.0,0.142034583
0x5bee2a75e80b2dd339ee816ced14bf165cc46b14,0.0,,0.0,,0.0,,0.0,0.0,0.0
0x2aa3f2d5169ef2f5e54859966bf1d74b21f6e2d3,0.0,,0.0,,0.0,,0.0,0.0,0.0
0xe65fea2f4177d81797d6b3e452d2398e80b75022,0.0,,0.0,,0.0,,0.0,0.0,0.0
0x2aeb73c97190c0329718c0aa72509c4797a10c0c,0.0,,0.0,,0.0,,6.306109283900001,0.0,0.0
0x5517f94f9ea54223f18f9e8bebd33a216854373c,0.0,,0.0,,0.0,,0.0,0.0,0.0
0x435230f28d913137b96e5d52e3dec80421996761,0.0,,0.0,,0.0,,0.0,0.0,0.0
0xbce991aa286899a26bd06ac0c88f1b2db62d6bae,0.0,,0.0,,0.0,,0.0,0.0,17.5011456023
0x8f520a15a6bd9229138b3aa5e2d4be2610e22973,0.0,,0.0,,0.0,,0.0,0.0,0.0
0x00dec1f7a34e3afebf2931c1e58d03dd10cd0de5,0.0,,0.0,,0.0,,0.0,0.0,0.0
0x5ca7128d7d1b96818b21fb0ccf6257ea668b6e7c,0.0,,0.0,,0.0,,0.0,0.0,0.0
0xc83d2035094e05d7a83bea5f92480abb3577228b,0.0,,0.0,,0.0,,21.013394775800002,0.0,9561.9812018273
0xd2c6bd503ad875fea2fd440ec52b206a2b0f2716,0.0,,0.0,,0.0,,0.0,0.0,0.0
0x39cac5590d67b798093063f01ec62936d949399f,0.0,,0.0,,0.0,,1.0673773035,0.1401669431,0.0
0x54247170a950c564f42d3425573134b36efdfd43,0.0,,0.0,,0.0,,0.0,0.0,0.0
0x988cab9493ed968b6499e3419844ba3c117fc070,0.0,,0.0,,0.0,,0.0,0.0,0.0
0x8b1a06563977716bcc227c76609b161713c81957,0.0,,0.0,,0.0,,1.3120828045,0.0978619046,0.0
0xcfd5dacef12ccb842283d79f4f8afcd881e7255c,0.0,,0.0,,0.0,,0.0,0.0,0.0
0x3f4eb1a3fc66c15e66aedb302ab01189f1e46ecf,0.0,,0.0,,0.0,,0.0,0.0,0.0
0xa915ec06c0b57f2818f8f0ecf1a6b5ef9fe3e3ef,0.0,,0.0,,0.0,,0.0,0.0,376.6432562308
0x72e0876eb52087e571aa64f9b5b8b29bce04599d,0.0,,0.0,,0.0,,0.0,0.0,0.0
0x19bbdbc5f50f22be9f689d075d5f7f641fa24b25,0.0,,0.0,,0.0,,0.0,0.0,0.0
0xe7d66dab9fc5d2b45800fbbe7eae4b3ced5ffa61,0.0,,0.0,,0.0,,0.0,0.0,0.0
0xe7487a038d39dbc7081ec44fa51b2cb8936c241f,0.0,,0.0,,0.0,,14.812190116400002,5.434024336499999,0.0
0x9d1f9777a3cbc67a9b2515c383936ff3bb827bbb,0.0,,0.0,,0.0,,0.0,0.0,0.0
0x6bb6fa70f699baf6e7542b555b075c37f38609da,0.0,,0.0,0x9cf864e717c865992a6633d6cc05c3db086d3d91a3a074ba15ed85848ad73758,0.0,,300.0,0.0,0.0
0xe39a7c5ef8ad8d0eace744839188b696625877e8,0.0,,0.0,,0.0,,0.0,0.0,0.0
0x7b9c70ef0c85f75441b85336a70313413eaaadc1,0.0,,0.0,,0.0,,0.0,0.0,0.0
0x23c2f0d3c045b8b381167392eebcf0f99e5d7400,0.0,,0.0,,0.0,,0.0,0.0,0.0
0x19ed093afd1a98e5447a95177fc55a9d11dfb515,0.0,,0.0,,0.0,,3.9968821599,0.0,0.0
0x199983b12ffb1c3df29c08dab45a75a7031f4721,0.0,,0.0,,0.0,,0.0,0.0,827.2317879197
0xd226aca1009639383752b3a4900baeade3713c01,0.0,,0.0,,0.0,,0.0,0.0,0.141976567
0x74bbebdb67c8f024a9a55dd8f7fd97b9710d29b1,0.0,,0.0,,0.0,,0.0,0.0,0.0
0x8a927f06382412a979f323b66a510162af09d532,0.0,,0.0,,0.0,,0.0,0.0,0.0
0x1a47ff27fa035740184ab362208c37229dcc6286,0.0,,0.0,,0.0,,0.0,0.0,0.0
0x8e22248f7a8165d93f7c28d92af757c7005e9d49,0.0,,0.0,,0.0,,0.0,0.0,0.0
0x5f59f7cbcf64c61c448a151129e2d2165c47d939,0.0,,0.0,,0.0,,0.0,0.0,0.0
0x709cdab38a6d703a4b4c929823dd6f7a6776d70e,0.0,,0.0,,0.0,,0.0,0.0,0.0
0x2b9deafac5e5d89dfd01dfe652214daeec7b01ef,0.0,,0.0,,0.0,,1.1606445471,0.1645922448,0.0
0x5c89dd9bb0bd272b3c28c010c81e0fac3d65f0f4,0.0,,0.0,,0.0,,0.0,0.0,0.0
0x9a2fc3cb9838fe5f55f2833d91fc2c5139c04564,0.0,,0.0,,0.0,,0.0,0.0,0.0
0x9c1713aa2b7f234f438add06a3cef39eadeb27d0,0.0,,0.0,,0.0,,0.0,0.0,0.0
0x5af71ddfe351bdb8a3500953dc4bfcbef26578e3,0.0,,0.0,,0.0,,0.0,0.0,0.0
0xb421cd450c6ed2d6e792fcd7ee3fcb65b1947eb2,0.0,,0.0,,0.0,,0.0,0.0,0.0
0x645d0a7a195ea86f9840867c30917c595ffdb7e7,0.0,,0.0,,0.0,,0.0,0.0,0.0
0xc5cee5e0ee95c149cd2c229d67495801cf6e0b0a,0.0,,0.0,,0.0,,0.0,0.0,0.0
0x4d5be057de46aaac13f0a09a97b04bdac1b23eab,0.0,,0.0,,0.0,,0.0,0.0,0.0
0x8d4d7cd666c3c9373a48fa7e9d8d3769c761ab19,0.0,,0.0,,0.0,,0.0,0.0,0.1418662308
0x83083595f1948b2a75b4acdfade5f6f916eb44be,0.0,,0.0,,0.0,,0.0,0.0,0.1421049476
0xae44d70da5cafdc4014a06faeaa4a018c70079cb,0.0,,0.0,,0.0,,0.0,0.0,0.1425396255
0x61e990743bcfd8c7e2d49e93361e2da721e0c1be,0.0,,0.0,,0.0,,2.1621320666,0.0,0.0
0xb53caabb71426fb28d1cba2e7eb9b983e83b1f69,0.0,,0.0,,0.0,,0.0,0.0,0.0
0xa19e15f613dfbee8801a00afd789fe8751617491,0.0,,0.0,,0.0,,0.0,0.0,4789.909150141099
0xdfcee4a147bf8e261dbe7a04900c2ca6ef2507b6,0.0,,0.0,,0.0,,0.0,0.0,0.0
0x3daa470788b823496fd359fc0cc829c05da90c5e,0.0,,0.0,,0.0,,0.0,0.0,0.0
0x9e159565a5651ea3fdc8b7c272d3fb24f9fdfac1,0.0,,0.0,,0.0,,0.0,0.0,0.0
0xd1ad5c8f01f7cccf537cedfe65f6136e664da971,0.0,,0.0,,0.0,,0.0,0.0,0.0
0xd944451ef0fa6f180e7e4a8d7634e6956a14d3b5,0.0,,0.0,,0.0,,0.0,0.0,0.0
0xa351df2c53da027e5a0556eec08c00a4ca520899,0.0,,0.0,,0.0,,0.0,0.0,0.0
0xb96234095d9fbadab47c36a0a79e752fb0fb3cca,0.0,,0.0,,0.0,,0.0,0.0,0.0
0x181ec5f9a238f9f6b90452b9b51b804556847ded,0.0,,0.0,,0.0,,0.0,0.0,0.0
0xc46b757da8e1f7d67e1893f871475d7431554b79,0.0,,0.0,,0.0,,0.0,0.0,0.0
0x73c0930e7d93f9f864c429be1cace7cc89cb3fc6,0.0,,0.0,,0.0,,0.0,0.0,0.0
0x3d67bd273e4a8828c5ab64a42b3a906e68c622b8,0.0,,0.0,,0.0,,0.0,0.0,0.0
0xc835d0e5af9949444eb101f82b58e5b21bd991cb,0.0,,0.0,,0.0,,0.0,0.0,0.0
0x2b4cb199534712ec1d43a5ac02d60e7e863f474e,0.0,,0.0,,0.0,,0.0,0.0,0.0
0x5e90174d9164e1a52f84bdada5e35a920d937606,0.0,,0.0,,0.0,,0.0,0.0,0.0
0x3ea5b882c85f8e11213704ffb47e80142131ff83,0.0,,0.0,,0.0,,0.0,0.0,0.0
0xb9a1670ed42c8f38d586b8ecadb88ed312595a8c,0.0,,0.0,,0.0,,0.0,0.0,0.0
0x030987528a8fc36c92de54457d54b040bee9a80c,0.0,,0.0,,0.0,,0.0,0.0,0.0
0xaaa97240b46ac924c80511f523274ef2f9977091,0.0,,0.0,,0.0,,0.0,0.1811187811,0.0
0x94360b4037b4c7920b910b82188da530e0a3b53d,0.0,,0.0,,0.0,,0.0,0.0,0.0
0x998f10db799adce5c3d8bf03ca1165eeb00ca6e7,0.0,,0.0,,0.0,,0.0,0.0,0.0
0x55b589bdc71adafa184ad220e5547aed32c37bb9,0.0,,0.0,,0.0,,0.0,0.0,0.0
0xc35795a4b9b52125ac3cc698d05741ff6f772c62,0.0,,0.0,,0.0,,0.0,0.0,0.0
0xb0867191f3ad2d2a538e8bda5f15827da7f1ce81,0.0,,0.0,,0.0,,0.0,0.0,0.0
0xf18af643baca34e4f7d08f65b9ac95f9211fc23c,0.0,,0.0,,0.0,,0.0,0.0,0.1427533916
0x190c03e179f0ad56fe04ada64c6cd97436835491,0.0,,0.0,,0.0,,0.0,0.0,0.1429164689
0xbd077a15aa9adccfd4182ee7cbd4afe772dfb3af,0.0,0x2b3d1ef6ce4f9e2f7969dc1c4b002c9ee49f941d701810296d9474936c2cf6ec,0.0,0xf1d554a6926d7078b83cbca50d37d36dcace18d4fb3093eadbd32f148e36dd46,0.0,0x0f2d1c085d349f45d0f5f1f45c59198f9d556eb5c927fb948151a4485c42a45b,0.0,0.0,0.0
0xf74843fece79987bfb7b274861817ff7a3fca516,0.0,,0.0,,0.0,,0.0,0.0,0.0
0xd423815f2f359ba1dffa50b97ed7ddd44dc35785,0.0,,0.0,,0.0,,0.0,0.0,0.0
0x2748c5758e47ccb407f6874e223160bafc922cc2,0.0,,0.0,,0.0,,0.0,0.0,0.0
0x41499632edeb037abb98538efcdf99fcdd55b49a,0.0,,0.0,,0.0,,0.0,0.0,4028.9039809084998
0x9eae5886367d10ade466705bc714525fed9bdcd2,0.0,,0.0,,0.0,,0.0,0.0,0.0
0x40d1f81a8fc20112369d62bb509ee3723249ec87,0.0,,0.0,,0.0,,0.0,0.0,0.0
0x5ecb97a3a94ec2383d05dadb2abfc3c3b0d0edb6,0.0,,0.0,,0.0,,0.0,0.0,0.1428217891
0x5f45f8296be3f38119d0c56ad339f6bf66154b9b,0.0,,0.0,,0.0,,0.0,0.0,0.0
0xe14a9dd9ef4532937dba7297f24e5695a93107a4,0.0,,0.0,,0.0,,0.0,0.0,0.0
0x99e05768a962db9f5cd7e1a33e2492e7c102b935,0.0,,0.0,,0.0,,0.0,2.144344593,0.0
0x6aad7f7c4424abae84d73e14b36ac192f818570a,0.0,,0.0,,0.0,,0.0,0.0,0.0
0xb6b1c596255b80a9b5919d6912d2efc7af27806b,0.0,,0.0,,0.0,,0.0,0.0,0.0
0x652e03884ed2a065d1b9509e19112578f9805ca9,0.0,,0.0,,0.0,,0.0,0.0,0.0
0x4ad80608dbcdf0c514196b60b515ac52d450acdc,0.0,,0.0,,0.0,,0.0,0.0,0.0
0x597ca8a2e81fefe80f95cab8b3f188ff1a4a3404,0.0,,0.0,,0.0,,0.0,0.0,0.0
0x932fff2c00d190a9ea80c2f953ffff0ca1f2b0fa,0.0,,0.0,,0.0,,0.0,0.0,0.0
0x2d7c9b60940721bac4508a2786564955a103bbff,0.0,,0.0,,0.0,,3.1039515363000003,0.0,0.0
0x266d8e3b85dd66758854e4e2ae27c4a161236828,0.0,,0.0,,0.0,,0.0,0.0,0.0
0x9baf414eabf34564098fa934208d5b562dccb9dc,0.0,,0.0,,0.0,,0.0,0.0,0.0
0x58645682be98d2cdc36f85cd78bba0a6d206ec29,0.0,,0.0,,0.0,,0.0,0.0,0.0
0xbf5b7c4157bf94e12b170e172d5ab45ff06c9a0f,0.0,,0.0,,0.0,,13.624358887600001,0.9969862054,0.0
0x8356679dc9cb98deddb734b7ebb604300ed04979,0.0,,0.0,,0.0,,0.0,0.0,44.7602074758
0x5e98dea4eb32ac1dac6deb60d5359d7dff1c8f7c,0.0,,0.0,,0.0,,0.0,0.0,0.0
0x070716bffc54300cef31c36d9e64c65187c716d7,0.0,,0.0,,0.0,,0.0,0.0,0.0
0x899df57ba0fdcf223257222cf395ba9e3f21b81e,0.0,,0.0,,0.0,,0.0,0.0,0.1427908332
0xf6490d461ce13506995069f334aab11476465e34,0.0,,0.0,,0.0,,1.4668766166,0.0,0.0
0x656fac30aec212e5ec4ae9391cc261f0a643c150,0.0,,0.0,,0.0,,0.0,0.0,0.0
0x4f3bd7f94c3604726d4ae2b3187d2c9dbb93495c,0.0,,0.0,,0.0,,0.0,0.0,0.0
0xe455c8a2b14c630cd6edc77bd269c9fc45ec180b,0.0,,0.0,,0.0,,4.6653428182,0.6564120411,191.9891332971
0xc75b9c163cdb45a540db306bf1a1c442482b25e6,0.0,,0.0,,0.0,,0.0,0.0,0.1408976185
0x8cd6127c34b3ac7749430ae466a0e8f9ebe0d364,0.0,,0.0,,0.0,,1.1747,1.9701259389,541.5700793266
0x1ec7aaa9f34cb74d2a82a815314aaf84c43f7088,0.0,,0.0,,0.0,,0.6313527228,0.0,0.0
0xe614bcce80fd5a164b30b244f777367e092107c3,0.0,,0.0,,0.0,,0.0,0.0,0.0
0x401595f070031c5ff0619e9cd8b975ef5f65f580,0.0,,0.0,,0.0,,0.0,0.0,0.1417273797
0x248c9c14894739fead9ae0cdf67eb4cb0138c800,0.0,,0.0,,0.0,,0.0,0.0,0.0
0x06ac419917349d093d575c740765363e16041c76,0.0,,0.0,,0.0,,0.0,0.0,0.1421084364
0x2fc47387a6debeefebcb87e71e6c4811ef77f143,0.0,,0.0,,0.0,,0.0,0.0,0.0
0xfd01ed2e9d5a9bc5a423e1cb8d71d95f743e4426,0.0,,0.0,,0.0,,1.0024895851,0.0970303451,27.624325765
0x053e6294400a9268e35df445624f58087c7f388f,0.0,,0.0,,0.0,,0.0,1.1206320298,0.0
0xab49fe9a8c4b5b3b3bde09a023927c46ba809cc3,0.0,,0.0,,0.0,,0.0,0.0,0.0
0xbc9d8b7b32cae7edde8c958f401153ac5f33aa9a,0.0,,0.0,,0.0,,0.0,0.0,0.0
0x1d36efcfb177804a0d068bf246e0ed60d7186d0f,0.0,,0.0,,0.0,,0.0,0.0,0.0
0x9f4ca2aa716e93ee32fd432ad78b7d82fbcd0c8e,0.0,,0.0,,0.0,,0.0,0.0,0.0
0xc6229a9eb004724ea9d46c9821e00c71615201fc,0.0,,0.0,,0.0,,0.0,0.0,0.0
0xd00d4ca59caa178bf4a94867c0f1737e83a11b74,0.0,,0.0,,0.0,,0.0,0.0,0.0
0x4abb08d8a702d5df336e6d0d0c440b583630b283,0.0,,0.0,,0.0,,0.0,0.0,0.0
0xb1c3363737346ce09749900f641a482348d5c34c,0.0,,0.0,,0.0,,0.0,0.0,0.0
0x4cf22f04b64018fb5a0783cf1f4e456a695a88be,0.0,,0.0,,0.0,,3.1323252334,1.4189595079,0.0
0x51e30802d7db372243f1dad52b1e0c736192d7d0,0.0,,0.0,,0.0,,0.0,0.0,0.0
0xe0f88c899b7dcfabe10fd16eb06e7e7030307847,0.0,,0.0,,0.0,,0.0,0.0,7286.4412335641
0x4a875a4106e235908afbd614150ef6086dc34e5f,0.0,,0.0,,0.0,,0.0,0.0,0.0
0x360f9bf8fc715d2025ab714210accad643d24225,0.0,,0.0,,0.0,,0.0,0.0,0.0
0x8ce4c74ce823e79ad2d71498ba5697bb57ebcd7f,0.0,,0.0,,0.0,,0.0,0.0,0.0
0x7c203ca6c9666baefbf114d23e142a1483c85211,0.0,,0.0,,0.0,,0.0,0.0,0.0
0xe7b6ded21e46506b8a431b1e3e9ef6e5e18e2975,0.0,,0.0,,0.0,,10.0921071263,0.0,0.0
0x07cd9991ceb0756d141ae9a22e1b90431acd80cf,0.0,,0.0,,0.0,,0.0,0.0,0.0
0x04ea72b1e2982ab6c3e7ddc8d6f1a4340f2aa1d5,0.0,,0.0,,0.0,,4.6570157288,0.0,0.0
0x454ad9b327a72c7ef5f651a6b7699e6b11fbe4f3,0.0,,0.0,,0.0,,0.0,0.0,0.0
0x9d8072cf096a8f58a4f142118922457c7c2cd6eb,0.0,,0.0,,0.0,,0.0,0.0,0.1426575776
0x84326d8855d6c0c3723cdfbd79faeee7b690d119,0.0,,0.0,,0.0,,75.2114313619,0.0,0.0
0xbd57a679581d0e44cd3b38a097fe62355482705f,0.0,,0.0,,0.0,,0.0,0.0,0.0
0x33d16e397b2569a546087f9ad3467183c1a3cb21,0.0,,0.0,,0.0,,0.0,2.7611978534,0.0
0xf0de2dcaf11280419198a0f1b0c56002acd814ee,0.0,,0.0,,0.0,,0.0,0.0,0.0
0x7527961c8a96f2d4e67a26d95ac20fec87611c5a,0.0,,0.0,,0.0,,0.0,0.0,0.0
0xd90cb364968034e93d229c7f02a009cb9a571835,0.0,,0.0,,0.0,,0.0,0.0,65681.0518288639
0xfd63a08ce8e06cfab51bc10525c4d3270328a663,0.0,,0.0,,0.0,,0.0,0.0,0.0
0xf0299af317672b2a49ed428929bd1e536d2a1bc6,0.0,,0.0,,0.0,,0.1212189445,0.0447211886,0.0
0x71bd13cfabf4e9a0cffc7f10cd9a5666b6ad89ac,0.0,,0.0,,0.0,,0.0,0.0,0.0
0xee1c15033c889913dc757106497617839ba23d5a,0.0,,0.0,,0.0,,0.0,0.0,0.0
0x31fc8cb2311d95ce2e4f35f60169d807dac7e0f3,0.0,,0.0,,0.0,,0.0,0.0,0.0
0x61b30e60cda320522b68675cc622db4f5fa86ccb,0.0,,0.0,,0.0,,0.0,0.0,0.1420615863
0x058b78dd16cfd9f3c83be1860aef13ab11821302,0.0,,0.0,,0.0,,0.0,0.0,0.0
0xd85c6190a15f27f391be55a19ba7d642174c9d84,0.0,,0.0,,0.0,,0.0,0.0,0.0
0x50a6b80b38b02ce7dc147f9360e49a7146ea33b0,0.0,,0.0,,0.0,,0.0,0.0,0.0
0x393a0b7e7a18813e45281db6b6c9837b79c6e602,0.0,,0.0,,0.0,,1.0430262362,0.1612310959,0.0
0x2a5af96d8d5335e8d7efece1b23bf240a09b4237,0.0,,0.0,,0.0,,0.0,0.0,0.0
0x5bb5289086d482ff204e1a8605a8cc0e6f869929,0.0,,0.0,,0.0,,0.0,0.0,0.0
0x448c450beef1ec4dca4f2c5086a381b97ea91f80,0.0,,0.0,,0.0,,0.0,0.0,0.0
0x2c053da177fc0b87f87d812a643f3205e79e16ea,0.0,,0.0,,0.0,,0.0,0.0,0.0
0x15fa17d802daca14ee52b042e5ccee83482a5760,0.0,,0.0,,0.0,,0.0,0.0,0.0
0x2963ff46dbc881a3dca915218547f0c5d8a6386f,0.0,,0.0,,0.0,,0.0,0.0,0.0
0xeec378a1cd171d2c230307afa9966e045911ca5a,0.0,,0.0,,0.0,,0.0,0.0,0.0
0xbe261843793f96141e1a482f8f88d3bfa12ddb75,0.0,,0.0,,0.0,,0.0,0.0,0.0
0x92fde24b25e7d0dd83abea05bf925e47044d649e,0.0,,0.0,,0.0,,0.0,0.0,0.0
0xbccb9e972f1476f3f8b7d76a826ae8144145d63d,0.0,,0.0,,0.0,,0.0,0.0,0.1443376745
0x781a08503f1b200c0b3b4b470a35abac020adae9,0.0,,0.0,,0.0,,16.0224311256,0.0,0.0
0x91d9d29a9934068507430943283c04312ecf2631,0.0,,0.0,,0.0,,27.2199986642,3.7906390272999997,10000.0009446493
0x6285a89f05f53feded783e34ed20bcd601a6ab2d,0.0,,0.0,,0.0,,0.0,0.0,0.0
0xa9c2e25f62559d0b2917475225a38fd9fb152b1b,0.0,,0.0,,0.0,,0.0,0.0,2811.7357775276005
0x73b6a7a6e39a2e405087164d7f407a0bd2c86dcc,0.0,,0.0,,0.0,,0.0,0.0,0.0
0xc51a82067673e889ceac4200ceb595193d89253d,0.0,,0.0,,0.0,,0.0,0.0,0.0
0x611d675a24850999f8e35f2def052789cc1536fc,0.0,,0.0,,0.0,,30.683742909299998,3.4010639324999996,1090.8600014362999
0xb64cb134e55bd1568ec47054fb14f6286f3eb9df,0.0,,0.0,,0.0,,0.0,0.0,0.0
0x84794578e7e9f396abfa2f3e85c9073fe735c302,0.0,,0.0,,0.0,,0.0,0.0,0.0
0x74c7302f28dfa687548f5964c75e6d8b3a741a74,0.0,,0.0,,0.0,,0.0,0.0,0.1419168219
0xa530bae3707c76450be1a94c59df653a01ed61a6,0.0,,0.0,,0.0,,1.0164,1.019,0.0
0x8633254ebb2bc4969bb0ef42f75e1c4bb7c968ba,0.0,,0.0,,0.0,,0.0,0.0,0.0
0x6ec189345ea84410de9a820dbc090cc6c5cdda2c,0.0,,0.0,,0.0,,0.0,0.0,0.1420501752
0x90af890c349bcaba91430e367b86b6e92167ace1,0.0,,0.0,0x696dde345bf27103dc4b1c7ad60f7330b36e9fdad67ee35faa07376dc25e7e94,0.0,,0.0,0.0,0.0
0x628d1614f2c7ea08de410cfb29a9ff9c8699b68b,0.0,,0.0,,0.0,,0.0,0.0,0.0
0xdf29ee8f6d1b407808eb0270f5b128dc28303684,0.0,,0.0,,0.0,,0.0,16.8400433037,0.0
0x34f4d7a54e665eb32c0b27ab22f8c045853cbcc0,0.0,,0.0,,0.0,,0.0,0.0,0.0
0x9582607b2458b0a2253962f6bfd35eaae332dbba,0.0,,0.0,,0.0,,0.0,0.0,0.0
0xcd355bcb999a8d59014b4101c1e395990798cc38,0.0,,0.0,,0.0,,0.0,0.0,0.0
0xa0939e71ea383ec34f9cf0ac9c9211edee46f9c3,0.0,,0.0,,0.0,,0.0,0.0,0.0
0x78ca0a36ec3d735f36808986fb353c6976cef868,0.0,,0.0,,0.0,,0.0,0.0,0.0
0x062dea006cafd646e0f3f098a8f6ba7b956d82df,0.0,,0.0,,0.0,,0.0,0.0,0.0
0x0d4570f8e54ec89740066169dca4def050e46db4,0.0,,0.0,,0.0,,0.0,0.0,4.65e-05
0xb28a5b37b9b5147a21a8640136447264432a50b5,0.0,,0.0,,0.0,,0.0,0.0,0.14268037
0x4600a7e1f43216d95c4fd1e000b69484180c45c1,0.0,,0.0,,0.0,,0.0,0.0,0.0
0x1a49834528ad96d91536e29d0f3cd42016d66fc2,0.0,,0.0,,0.0,,0.0,0.0,0.0
0x579c870343d855954328ff0dced56b6890099039,0.0,,0.0,,0.0,,0.0,0.0,0.0
0xa4ccd9285fd023dc9911fedc799da6d1b0c69489,0.0,,0.0,,0.0,,0.0,0.0,0.0
0xfbeea06b98f65025b8eaba4aa7cf903fc405b1cc,0.0,,0.0,,0.0,,0.0,0.0,0.0
0x7bb510764de4bff0db6ccfcea8ef2edb6abefa0d,0.0,0xf8c53e508fb0b88e1aaccd523b66617af1341dd1971ddb2c1296dbbd778c0f44,0.0,0x6411b49f3ae98aa0d9324dd25933f3fa98f890edbf71af70463364c3bdf194e4,0.0,,0.0,0.0,19612.3864349555
0xa17fa6c9540e81c45e180dfcd93eb4b1db3fe56b,0.0,,0.0,,0.0,,0.0,0.0,0.0
0xfa3ad653bc159c78ed33255fdf964791d7ffe994,0.0,,0.0,,0.0,,0.0,0.0,0.0
0x9c38c3daf6f13a5b5e58d7849acde228b59b2e8e,0.0,,0.0,,0.0,,0.0,0.0,8291.648732056401
0xbe658d3d407d6aa2f04d17ffca2349e212e059a7,0.0,,0.0,,0.0,,0.0,0.0,0.0
0x664f2753cd7931f29a6e138fca81438685ec2d40,0.0,,0.0,,0.0,,0.0,0.0,0.0
0x267bc830b9b8c927478045425f60fa294b0570e4,0.0,,0.0,,0.0,,0.0,0.0,0.0
0x429d01583b3210e858ba483fc9920bc98fdb62d9,0.0,,0.0,,0.0,,0.0,0.0,0.0
0x920356e6d7a970d3c3907f2101417f8f74efd690,0.0,,0.0,,0.0,,0.0,0.0,0.0
0x3db4e5b8ff27f6773556e2c12827b4e29dd57f34,0.0,,0.0,,0.0,,0.0,0.0,0.0
0xd552aa27e97a57ec2bd38fda31efe26bb5e8ca08,0.0,,0.0,,0.0,,0.0,0.0,1283.3181430964
0x464dd68f8450512063db50fa32d44b941fe28e09,0.0,,0.0,,0.0,,0.0,0.0,0.0
0x26f105eaf119ec3438403292abfeb73cac24910a,0.0,,0.0,,0.0,,0.0,0.0,0.0
0xaaf9394b0c71704f14347c330be6d3b0b5cb5493,0.0,,0.0,,0.0,,1.8436485788,0.0,0.0
0x7c1a0f0e7a6f225caf07859b31b94ad256aaedff,0.0,,0.0,,0.0,,0.0,0.0,0.0
0x3bfbdd05f0fb792665ea6980adfca5f33fa0f9bd,0.0,,0.0,,0.0,,0.0,0.0,0.0
0x72cd1c245227719825909707567534bc0bd91804,0.0,,0.0,,0.0,,0.0,0.0,0.0
0x103fe2ff1b3c83ca4ad94d4981d8f93dbb41b558,0.0,,0.0,,0.0,,100.508,0.0,0.0
0x65beea1fa6042eab6b8795424ba35eb3bfa10150,0.0,,0.0,,0.0,,0.0,0.0,0.0
0x33666c37db49fa1399ecd3b7c16ecf158310fb68,0.0,,0.0,,0.0,,0.0,0.0,0.1423405914
0x5c73ee14b8c70d82e27f4801ffbcf5b5933eb7dc,0.0,,0.0,,0.0,,0.0,0.0,0.0
0x2b6fc08e31e4423c6e6f5cfb9fad7873e3864abc,0.0,,0.0,,0.0,,0.0,0.0,0.1428457765
0x21558bdc06d7d603d2ff70dce307cfcebcd3cf85,0.0,,0.0,,0.0,,0.0,0.0,0.0
0x8e1638aa0af2ec6efabf080b14d6f762f4808903,0.0,,0.0,,0.0,,0.0,0.0,0.0
0xf073b9d47b47c47ad1a20f2d6fe822b9bf0cbc5f,0.0,,0.0,,0.0,,31.8380291187,0.961,1790.251311477
0x3be41be04d559cebf93af8d657c5484fa1521861,0.0,,0.0,,0.0,,0.0,0.0,0.0
0xa98459dbfad70890a65f475c41d49467f5325309,0.0,,0.0,,0.0,,12.722232439399999,0.6656,201.3549643892
0x55dc51004bdd8d74ab071496aefbe0f96e220167,0.0,,0.0,,0.0,,0.0,0.0,0.0
0xeb10ada7b5771052b55c576fa5de66197b58e8ef,0.0,,0.0,,0.0,,0.0,0.0,0.0
0xf86802c743f19b5bca853b9c183afa5b71d1985d,0.0,,0.0,,0.0,,66.9894995822,0.0,0.0
0x016e8a27e3e041f4677ab0ceae71613ddc9e30d8,0.0,,0.0,,0.0,,0.0,0.0,0.0
0xbdaa262cd8aaa5d60f7515c86b54c08316bb0d23,0.0,,0.0,,0.0,,0.0,0.0,0.0
0x5322e216a37898e603b9df2c0c43d7d866f1d880,0.0,,0.0,,0.0,,0.0,0.0,0.0
0xf9176276ffdfa82609fcf502121550886c8c6577,0.0,,0.0,,0.0,,0.0,0.0,0.0
0x33e154cca0d5e8a4519ab962f6df09a458959a6c,0.0,,0.0,,0.0,,0.0,0.0,0.0
0x0d5dd9ef008d92501c036b556f5238e271ae9980,0.0,,0.0,,0.0,,0.0,0.0,0.0
0x97385eb301de8a2ee4561bbac5981e388ef44a60,0.0,,0.0,,0.0,,0.0,0.0,348.81976120670004
0x1c4a2b9686be61caa5760c5aea52e52e8de48c18,0.0,,0.0,,0.0,,30.7116632374,3.206951927,753.5475192808
0xf1cd2683c0f4309eea104717a20aeb0031e62d20,0.0,"0x17aca8d368cc1af8556d84f5bbfcbc6f22f35847d00976e9da6c6078a5c11443,0x6084d30ba4e45381359638006af2803f2d2c9d857e27c687bb284d3d40eb2332",0.0,,0.0,,0.0,0.0,0.0
0x5c5431ff5484dc8ade19c94eadb88555e455bf2d,0.0,,0.0,,0.0,,0.0,0.0,0.0
0xeb3f0924450a66d310635eaf996e1bb77a5bf13d,0.0,,0.0,,0.0,,0.0,0.0,0.0
0x0b17e11bd72722be80250914f7b17c6449fd4bcb,0.0,,0.0,,0.0,,0.0,0.0,0.0
0x57c26e0a6c846bbd8b356b8f21cd95a9e658c51b,0.0,,0.0,,0.0,,0.0,0.0,11476.685054446601
0xc5c7384281e91317b4b0507384cd30529c9bc59e,0.0,,0.0,,0.0,,0.0,0.0,0.0
0x3e30bb05e183d388b573ecc6377e9f584d7cfc42,0.0,,0.0,,0.0,,0.0,0.0,0.0
0xa411ee86a0444ef0e660edb6bbb8cb80962d90c6,0.0,,0.0,,0.0,,0.0,0.0,0.1427690338
0x2c22f6922d8079d916e8fa0afd8fa619d8ceb21a,0.0,,0.0,,0.0,,0.0,0.0,0.0
0xaad39478c6725c44cdde18896e648cb6c47d4ce4,0.0,,0.0,,0.0,,5.0974497018,0.0,0.0
0x871efe8009404f217bb1f59d6b02282eb6fbc420,0.0,,0.0,,0.0,,0.0,0.0,0.0
0x4bbe1c4b69d1fce3f0f1edb881ebf32ab86acfad,0.0,,0.0,,0.0,,0.0,0.0,0.0
0x5f697694ad069631cb7f4dcb34c26c4c4437c374,0.0,,0.0,,0.0,,0.0,0.0,0.0
0x9b055fe3735df992a3b34854ba9b0a9e66ad7dac,0.0,,0.0,,0.0,,1.034e-07,0.0,0.0
0xf2f6d3347b9aa6270f51a90f597b3e6b1fbf4917,0.0,,0.0,,0.0,,0.0,0.0,0.0
0x71193b6343b21b4c9f467ff4352a7d767d52f632,0.0,,0.0,,0.0,,0.0,0.0,0.0
0x98b5b16d00bcea512eb431672d1dbc332ee8cd97,0.0,,0.0,,0.0,,4.853258825699999,1.5135157448,0.0
0x2edd2ef171b2f718417dd5926f9ffad4cbdff67a,0.0,,0.0,,0.0,,0.0,0.0,0.0
0x0355c4e76e93d1d77751150df31bdf3a27a7e014,0.0,,0.0,,0.0,,0.0,0.0,0.0
0xb6c5309529ec340d1ecda9ea79950d368baf7d7b,0.0,,0.0,,0.0,,0.0,0.0,2552.2853514997
0x9e49e14957a1424fcc407da755fcd65e15d577d6,0.0,,0.0,,0.0,,0.0,0.0,0.0
0x3a447a1676c7c899a4bacfe2da24672ad9c5b6e0,0.0,,0.0,,0.0,,0.0,0.0,0.142105126
0x98b412a1eea4b949d35c8fbe3bf38ccf21d74840,0.0,,0.0,,0.0,,0.0,0.0,0.0
0x229f40760c44c32681466d5d6f2f138408477f3f,0.0,,0.0,,0.0,,0.0,0.0,0.0
0xcd63870e7d4390a942c73bc421b6a3c36a14b19b,0.0,,0.0,,0.0,,0.0,0.0,0.0
0xd76b025f9b36194be6b5b98326efbd6bfd1e1165,0.0,,0.0,,0.0,,0.0,0.0,0.0
0x739b819a4e04943d7ce06adea10811cf478c41c2,0.0,,0.0,,0.0,,0.0,0.0,0.0
0xc4d50b986e3b6916e5bb90b448da7729d89fe1c5,0.0,,0.0,,353206.9138241837,0xbade33b828898317f7792102dbc46122ecc7924a07fe5693beb2a7e6c17604e6,33.0219170713,3.1500717382,25240.6142826468
0x918f461b25aaad49ce67dff5124a489100447fa5,0.0,,0.0,,0.0,,0.0,0.0,0.0
0x751b36603a3cf4078b9156b8c9abbf1644ead059,0.0,,0.0,,0.0,,0.0,0.0,0.0
0x5e8a49dc787eba9c8a9381f37464114914c30f0a,0.0,,0.0,,0.0,,0.0,0.0,1286.9315313768
0xda610b4625efe804e7866a228fd1558271379c44,0.0,,0.0,,0.0,,0.0,0.0,0.0
0xd02c2a895edbf6ae4cad912ba7df4863c74666c3,0.0,,0.0,,0.0,,0.0,0.0,0.0
0x1c4a4bc188ba44c6e6c5dde9f0bc79d5c56e950c,0.0,,0.0,,0.0,,0.0,0.0,0.0
0x06c4ce474edc46a9c2fd6f81fad435ee790e5d39,0.0,,0.0,,0.0,,0.0,0.0,0.0
0x81b688a7fc4d7fa77ab1bddaacc5cb9cee8840a7,0.0,,0.0,,0.0,,0.0,0.0,0.0
0x3bf09343e3224c27a8a026209289ec540ceb8092,0.0,,0.0,,0.0,,11.9929071818,0.0,0.0
0x4d8c7c356f3664a1d0b5e148d7995e9525cb41bc,0.0,,0.0,,0.0,,0.0,0.0,0.0
0x015f90799ead6a5dad17a0574feeb3e3508211ee,0.0,,0.0,,0.0,,0.0,0.0,0.0
0xd2ad685372629da187fc8326b158aec482cf9c65,0.0,,0.0,,0.0,,0.0,0.0,0.0
0x404755556f9d02d9a3fd93f33f286c17fbe55bc8,0.0,,0.0,,0.0,,0.0,0.0,0.0
0x33d2af307e7d45cd35a72628ef008dd82588a746,0.0,,0.0,,0.0,,0.0,0.0,0.0
0x1205ef29ca840e185bd374e080fef89ea21a95bc,0.0,,0.0,,0.0,,0.0,0.0,0.0
0x1f5697aa6bb2f97ad7e88b8aa927e1377f0c2f8d,0.0,,0.0,,3898.470025591152,"0x3c5370a55fc83ed7b7751809a54a0560796c7c663ab55c830b7916f6d06cdb0f,0x4d46aef92089725c04460c8994bf38c23ab414184784a059b2265f6136ca6f7f,0x83b12d74be8e6edfa4dd2950b5a7ff04e945dddac30f716d79afefc4f5902aec,0x58ff89fa4d70d4537e2de91bae88c35a59c9ec52b800463dabef23ca1ba639c3",0.0,2.0736119133,279.2671035516
0x33ef6b24b1b9983ec0583c1997143a9daa254435,0.0,,0.0,,0.0,,0.0,0.9204566745,331.66647225910003
0x0fa3889a63bec6e171720f21070ecfb0d4497a76,0.0,,29.69701387192121,"0xa6ca3c778f7605abccf23491f86cfc70761343124f6087b0b7dad87e28abf240,0x1795094d55a335c4bc91f960c7bf0c649b135f43dfe5d2ca3c0b85c0748d785c",0.0,0xc527ed180ee31375e7281b24bfde8e21b7984da53d49b86f488c6a300f559579,43.68523130410001,0.0170666111,0.0
0x2924a9a1fd64769246ef356dfc048fab3f3a734a,0.0,,0.0,,0.0,,0.0,0.0,0.0
0x8c1f8ece2717d5884369ea4d075e1ffbe1a91c4a,0.0,,0.0,,0.0,,0.0,0.0,0.0
0xee8c05e4bdf1cca0a159d3a8ff0938fa98e19cc9,0.0,,0.0,,0.0,,0.0,0.0,0.0
0x3d3dc4b0445f1063644e9d0b2ba1c66f7958f248,0.0,,0.0,,0.0,,0.0,0.0,0.0
0x76114a36054e02745f5abec5702606e7d6e5a584,0.0,,0.0,0x2b051864ae622d55a1861350b3e0788118413865284b5de5e237f0bd6c819cf4,0.0,,0.0,0.0,0.0
0xa2b3bc54855f6efabba59893fb1c08bd7c2e39ff,0.0,,0.0,,0.0,,0.0,144.8439024701,0.0
0x7058b3680112ad179500a7773e3f86e18e5dc1e8,0.0,,0.0,0xb698966a950b5aa77d4e424d9b434ddbdce4258410ceb5c1f7673dd283045295,0.0,,0.0,0.0,0.0
0xab80c72582a49ecb1f9cc176e50741acc4cb893d,0.0,,0.0,,0.0,,0.0,0.0,0.0
0xece0e3a96cea92a802932a3fa5b950ab6e5cbe3c,0.0,,0.0,,0.0,,0.0,0.0,6.8803250282
0xfb7bc58c190962c96b2dfe5d90745a6d4b053a08,0.0,,0.0,,0.0,,0.0,0.0,0.0
0x894733b02ae0ea2735126bc65a5d40965bae0939,0.0,,0.0,,0.0,,0.0,0.0,0.0
0xe67b81868bb96b4dacf8df23bedd67c0507e42e6,0.0,,0.0,,0.0,,0.0,0.0,159.3557075483
0x3cfbc51d12d88ebf24196d951c5e05c665c049f2,0.0,,0.0,,0.0,,0.0,0.0,0.0
0x596a9bc434f5cc8bbe8d3a45f765a311c543a95c,0.0,,0.0,,0.0,,0.30119092,0.0460383193,16.9387062021
0xd0e6f61bf851aadfbc27e6692cc7fae9190574ae,0.0,,0.0,,0.0,,0.0,0.0,306.9834956353
0x7ec8feeb739bc4374dbf4ae92e2281df4ac3b626,0.0,,0.0,,0.0,,0.0,0.0,349.0125914765
0xb9b6195892fdb3c0e42f2af0ae130d5fbdfe7916,0.0,,0.0,,0.0,,0.0,0.0,0.0
0x2b74c201ac4faf04e9ddb4c5d0cf4a5f896f02e6,0.0,,0.0,,0.0,,0.0,0.0,0.0
0x31ee2296d237ada305e542e6d876bda9ec4628a6,0.0,,0.0,,0.0,,6.5623,0.0,0.0
0xdf7640b03e905ff8d244b73d380f62aeb17077a6,0.0,,0.0,,0.0,,6.735334024199999,0.0,0.0
0x4204d22a87363dffa6e602ed494fd327776d5a00,0.0,,0.0,,0.0,,0.0,0.0,0.9460003898
0xa798bf13d1b350afa41c89303d568a0ab326147a,0.0,,0.0,,0.0,,9.017514864999999,1.8664438089,0.0
0x4d60f624b3da62af4365f13482ce488c325f8b0a,0.0,,0.0,,0.0,,0.0,0.0,0.0
0x10ac999364f3e3028f7abdc7523ac62359b41e4b,0.0,,0.0,,0.0,,0.0,0.0,0.1427368077
0xb872dc1889952bc79614687d679e614c77be5944,0.0,,0.0,,0.0,,0.0,0.0,0.0
0x5de81459343277eebf02adc37e92d6a4404d49c8,0.0,,0.0,,0.0,,0.0,0.0,0.0
0x954fef6382077a02cb1b666a2a37750127cf20b4,0.0,,0.0,,0.0,,0.0,0.0,0.0
0xebaf8b413603cdf09cdd093fb022c88f59b06395,0.0,,0.0,,0.0,,0.0,0.0,0.0
0x91c0f0008d746bec006c617ab696f055908ba958,0.0,,0.0,,0.0,,0.0,0.0,0.0
0xc7293d508c047312d4f3cba32f206280b4847b2d,0.0,,0.0,,0.0,,0.0,0.0,0.0
0xe33958a81091695c4a34f8e346b06d0fca92b076,0.0,,0.0,,0.0,,50.0,0.0,0.0
0x6548efb1b66d505a737e13c8dc435f82e709245b,0.0,,0.0,,0.0,,3.1782698444,0.0,0.0
0x912c39d52340c2877fb376019508b965a50fac57,0.0,,0.0,,0.0,,0.0,0.0,0.0
0x7b77a255acea5687d8c032494383c5538e4f5a87,0.0,,0.0,,0.0,,0.0,0.0,0.0
0x5cd77042eeb184536957cf48aed43924267cd647,0.0,,0.0,,0.0,,0.0,0.0,0.0
0x0c0a8163e556c41aed6f13180ae694c8f7907a24,0.0,,0.0,,0.0,,0.0,0.0,0.0
0x6470d2b5ea66084848990ed603dec27207df991f,0.0,,0.0,,0.0,,0.9697770198,0.0,0.0
0xd8d462958fe3194cabb95d502f1ad7ddcf7e0558,0.0,,0.0,,0.0,,0.0,0.0,0.0
0x3b0ad80c7aeadc3501c23a7192f3e0bb0ec46fc5,0.0,,0.0,,0.0,,0.0,0.0,0.0
0xa2bfc42c0000a4f97a09783979a73844f43635bb,0.0,,0.0,,0.0,,0.0,0.0,0.0
0x55013b0a7cda20e4d7b6c21018412029f3ec053c,0.0,,0.0,,0.0,,0.0,0.0,0.0
0x21c91c75724a9bb5402f6372191d8ca4869ae05a,0.0,,0.0,,0.0,,7.4358117284,0.0,0.0
0xa6ff54932ce4604ec7be13125a14833a241eff8b,0.0,,0.0,,0.0,,0.0,0.0,0.0
0x25606675a360837b4035ddf40bb058604408f969,0.0,,0.0,,0.0,,0.0,9.9052,0.0
0x93ef096b9725a224c8cc6a6a8a2ced1a44abab9e,0.0,,0.0,,0.0,,0.0,0.0,0.0
0x2e26313f04b8bee7996a3785577b1609adc1f9e4,0.0,,0.0,,0.0,,0.0,0.0,0.0
0x6803cfc5f9f8ad3b9b8a36b12aa3cfa969c66257,0.0,,0.0,,0.0,,0.0,0.0,0.0
0x9f21ce10cb3728ec911e1dc731534d28e2be26af,0.0,,0.0,,0.0,,0.0,0.0,0.1419924324
0xca8957372c95ba8bf85649321f362d1804785b37,0.0,,0.0,,0.0,,0.0,0.0,0.0
0xfba50d8f5133c32135d9798e1996e2b74de7c7e6,0.0,,0.0,,0.0,,0.0,0.0,0.0
0x9caf137e72a37014209d16a1dbba38a9c7295843,0.0,,0.0,,0.0,,0.0,0.0,0.0
0xceedf6e85c08b1ae99dd8ebb644e3b87a7eeaa56,0.0,,0.0,,0.0,,0.0,0.0,0.0
0x2562141d822ea5df8d7dc396804f3205978e160f,0.0,,0.0,,0.0,,0.0,0.0,0.0
0xc07739e6f7fdd9db294ab98db6c2c07d5017c87c,0.0,,0.0,,0.0,,0.0,0.0,0.0
0x29bbf042fe7fb369b2ed898878ccefb9c4f3dacc,0.0,,0.0,,0.0,,0.0,0.0,0.0
0x59ee95e21cf1408696a810f1f373a92f23aefb7e,0.0,,0.0,,0.0,,0.0,0.0,0.0
0x085ab8088a09610cd2fe08acc448db39fabd7d04,0.0,,0.0,,0.0,,0.9889037058,0.0,0.0
0x2320fbcec5722e95dfb0efe785ab0424da113485,0.0,,0.0,,0.0,,0.0,0.0,0.0
0x77473e118271a222966cd8d8e885b9ae92222d06,0.0,,0.0,,0.0,,0.0,0.438914625,104.6072221015
0x0adba60bc63f7dacc7e6536ca28a85e74795d24c,0.0,,0.0,,0.0,,3.0724143619000004,0.0,2373.8093657585996
0xb646c99fe1a7787319dced64629440bb6316b1d5,0.0,,0.0,,0.0,,0.0,0.0,0.0
0x2cc1e33f4c866b4789006dfdcdef7508cb48a0e8,0.0,,0.0,,0.0,,0.0,0.0,0.0
0xcc20781bf059c9ceb468352293a76f76ad04f100,0.0,,0.0,,0.0,,2.0999596496,0.0931513736,34.7418397011
0x7ddc01c56450e2875d2635c4edb7d9ff4d4f97ea,0.0,,0.0,,0.0,,0.0,0.0,0.0
0x7f7f5ba5d71260d54710d6cbcdb1e76a0affe5e7,0.0,,0.0,,0.0,,0.0,0.0,0.0
0x30218005a2aa4fe4ee5ada3bc8d0cf147d3ee30b,0.0,,0.0,,0.0,,0.0,0.0,0.0
0x7bc120bf0d4d0ff78a5ad3573ecd1172bf7bac72,0.0,,177.9988127006167,0x9e0b1b50586c335aa5bfaa627d91392563aa30ecbc88cd5e2e4d4ad62ef7a7bf,92.57621290546732,0x309eea19f487e7f9abe9799659826f2af3a77dea3a2f668984aebf58ea885655,1.1830512357,0.0961,6.9498812956
0xf0150d8b893cbb7d233330dcecff7f43a763dce8,0.0,,0.0,,0.0,,0.0,0.7451568245,134.8644939815
0xf47ba3fc2de450985fdc6d50d1528b65c329f0bb,0.0,,0.0,,0.0,,13.4376773512,0.0,0.0
0xdc7b8a5e9f9727d2d520830fa1e4f1be94db6aad,0.0,,0.0,,0.0,,0.0,0.0,0.0
0x233506d641310d0fc34938ef0a8cbe90efca4fec,0.0,,0.0,,0.0,,2.2877638885,0.0,0.0
0x355e0e178d1afe77655a423b864280107b834acb,0.0,,0.0,,0.0,,0.0,0.0,0.0
0x6031f20dd785575a3f326a00d9d41aeced8c2ddd,0.0,,0.0,,0.0,,0.0,0.0,0.0
0x6bd0e7ab4ef8543460858fa69a22e6cc4bade8bb,0.0,,0.0,,0.0,,0.0,0.0,0.0
0xd70d907adce99f783e3c616e3c0ef9c6bba980e0,0.0,,0.0,,0.0,,0.0,0.0,0.0
0x78a6b24230b6eb77c96fcbb74ffe8137316f94a8,0.0,,0.0,,0.0,,0.0,0.0,0.0
0x3d5d22e0ea25cb259c0f92f44db9dda8016472f5,0.0,,0.0,,0.0,,0.0,0.0,0.0
0x110a86f95bdbf94bd31e755cf4516ab9314b86aa,0.0,,0.0,,0.0,,0.0,0.0,19589.4800412874
0x964659da46f769494f12809c204b3c99f0fe0908,0.0,,0.0,,0.0,,22.840465965900002,0.0,0.0
0x5ae61f630696ab0ce14d0d0008d4345e9643db5a,0.0,,0.0,,0.0,,0.0,0.0,0.0
0xa10797ffbb8b16a10056bac4b3584f2e0b2aa80f,0.0,,0.0,,0.0,,0.0,0.0,0.0
0x329eeeb988268304d2f0a0cb8b24e82c7d82bdb4,0.0,,0.0,,0.0,,0.0,0.0,0.0
0xffd377ec9ba00e4cc78fbfa9d395a2323df0370c,0.0,,0.0,,0.0,,0.0,0.0,0.0
0x61ba011680b59b71bb9b8a0f6d51be614b16a819,0.0,,0.0,,0.0,,0.0,0.0,0.0
0x59ed2ae51408899dab355a7f769e58cdb89db181,0.0,,0.0,,0.0,,0.0,0.0,0.0
0xf59fea08ab83c5907cf8f321780a4dffb58f334d,0.0,,0.0,,0.0,,30.6180372519,0.0,0.0
0x44c9ec83ba4bd0b7206c12f0f3b78662350b8da0,0.0,,0.0,,0.0,,0.0,0.0,0.0
0x6a888b28f2b6637cc72c51d787eb8281be8b27a4,0.0,,0.0,"0x16445735467a4ed2d648998007585b679903e2e145bf2e7a51d0fa8523d2248d,0x57253a860fff198f0c7235a9eae197ff4d5d2f65b6b0b3d61edce1d10821b1ca",0.0,,0.0,0.0,10415.5418788979
0xa0b57b82cd50d6eadd1e19ee235e559b0ed2254f,0.0,,0.0,,0.0,,0.0,0.0,0.0
0x3e85ec9f9e5c6df974a8be4e2616a7d5fbca166f,0.0,,0.0,,0.0,,0.0,0.0,10110.598735034799
0xc1545b0f9bd5882824aabe72bd322bd46c492f7e,0.0,,0.0,,0.0,,0.0,0.0,20.0
0xe780a34002214698722c7ef0d60da10875913887,0.0,,0.0,,0.0,,0.0,0.0,0.0
0xb5a7e5c24cfecd55f48e0bf79bb689865891d41e,0.0,,0.0,,0.0,,284.9518748107,0.0,0.0
0x3cb2d46bf85ea09420a5cb9d830c4259e06718c2,0.0,,0.0,,0.0,,0.0,0.0,0.0
0x3ea7376bf96cc220fac9fe3ad147b98989dfb695,0.0,,0.0,,0.0,,0.0,0.0,0.0
0xd9b2255f8bc1fb3950c2866faf4021e82cd34d12,0.0,,0.0,,0.0,,2.2262659197,0.933331241,0.0
0x0ffd5026121bca973af656b9549a2a64cbdd01d6,0.0,,0.0,,0.0,,0.0,0.0,0.0
0x2db0500e1942626944efb106d6a66755802cef20,1539.179583689843,0x03c1ba947d451a8c7beff8ba09d6b505c84d8fee31462bb02ee0b07e9ca4c06b,0.0,,0.0,,10.000405600199999,0.0,0.0
0xf5632cfcd668c10949ba06618d50928ce5841ae3,0.0,,0.0,,0.0,,0.0,0.0,0.0
0x25d0cff8c47f33b32192b3ea9824ac1bc550bd43,0.0,,0.0,,0.0,,0.0,0.0,0.0
0xca36e629a41d8e69a36abf805f5230970bad6896,0.0,,0.0,,0.0,,0.4955071719,0.0,6773.2017377397
0xcdcfc2dd396bafb4ba215a4a442304defac7bcfc,0.0,,0.0,,0.0,,0.0,0.0,0.0
0x808ba2ebab979f580cbb239ba78781ba6071c13c,0.0,,0.0,,0.0,,140.80915093299998,0.0,0.0
0x002dd9f9bf747da3099073e21558d8bda9c65f71,0.0,,0.0,,0.0,,0.0,24.817961342,0.0
0x16509567b057e79fa98fac3ec25468974faf4e07,0.0,,0.0,,0.0,,0.0,0.0,0.0
0x944fc7287bd549714be7d59fd937008aeba8aab1,0.0,,0.0,,0.0,,0.0,0.0,0.0
0x5628f0a0b41c035963b55255490768759f2bd55f,0.0,,0.0,,0.0,,0.0,0.0,0.0
0xd22530bdce5bd866431d929efb7a9f5422c41dd3,0.0,,0.0,,0.0,,0.0,0.0,0.0
0xe9c3b40eced575a57819540d8182bbc6043c7744,0.0,,0.0,,0.0,,0.0,0.0,0.0
0x18e72617208b85f589cb5e273488832cacf30acd,0.0,,0.0,,0.0,,3.5449417052,0.0,3862.8086447115
0x175b5f2ee1ca4342e314a99671d78f5cb91c3b4b,0.0,,0.0,,0.0,,0.0,0.0,0.0
0x6919a461363a9f674bd798d2e79d50bb2027e9cc,0.0,,0.0,,0.0,,0.0,0.0,0.0
0x7b5fa542d0b5da03639d5614559fe473868aa42b,0.0,,0.0,,0.0,,0.0,0.0,0.0
0x6d4eff1411db85c4d1d3b35a809f10f35fc65342,0.0,,0.0,,0.0,,0.0,0.0,300.0
0x87e8503980f1db7f8fa989b29fe0516aca4290e7,0.0,,0.0,,0.0,,0.0,0.0,0.0
0x9ffb54b5f11f7fdd759bf678ea4c1200a8c6605e,0.0,,0.0,,0.0,,6.9117546081,0.0,582.2218816806
0x2ed9cb061159652a8ef13af1899d216f8dca3631,0.0,,0.0,,0.0,,0.0,0.0,0.0
0xf3b14c700f789c2bb94c3abbb25dd74cf78d5c37,0.0,,0.0,,0.0,,0.0,0.0,0.0
0x721f9deff7073f758bd20c78c4ad9b2139b6329e,0.0,,0.0,,0.0,,0.0,0.0,0.1428664041
0xcedbea9906500d220df5a064ab0a91bfc461ba23,0.0,,0.0,,0.0,0xefda240a67d21412fb4cf800de11f97539a98c44858ed62ab2dc75381f0dd4aa,0.0,0.5232602619,0.0
0x67518b398f58c5715395ef5a2f5645de533d7c94,0.0,,0.0,"0xd0f19abd9fe36476a56dc32f38ff7741bf0c1cd6cc1e08bf524c4fbecf1d72de,0x5ea145c2471dde849cdbf292c96d441b2f29b225198247162de4c4205419489c",0.0,"0xfe3289edc4c42c9ecf90607f6b68c2bbde084cdac85559901c583c1afccadf15,0x19db9b26f039725b8c41c923d92caa6c51ee8ab31b151a929d43b28447d3a731",4.994577099100001,0.0,0.0
0xb05e61a3dc0c1c6623135b884856451f8163adf9,0.0,,0.0,,0.0,,0.0,0.0,0.0
0xafb2735179c625dd1d199b415a88a32c5d0fccce,0.0,,0.0,,0.0,,0.0,0.0,0.0
0x8e823c5a1532d598462c2e821edfbdb6a5fb7fb2,0.0,,0.0,,0.0,,0.9702823799,0.0,0.0
0xe27fca8733d125d7f66ebd23b0e51bce2ba6f482,0.0,,0.0,,0.0,,0.0,0.0,0.0
0x59c2178898a140935f265f9d1db9e2dd2f4a2326,0.0,,0.0,,0.0,,0.0,0.0,956.2788888824
0xb2342318228006b7ec33f86b87b9ac6669422c40,0.0,,0.0,,0.0,,0.0,0.0,0.0
0x6c04f5b8dc1a214462caa7c5749e0fd77943804d,0.0,,0.0,,0.0,,0.0,0.0,0.0
0x0056e227c5757fb2816ca72a291a304ed0582a2e,0.0,,0.0,,0.0,,0.0,0.0,0.0
0x4bd75ae9e412d62692f9ce0ba96553ce0bef0c73,0.0,,0.0,,0.0,,29.0621414953,3.743868351,0.0
0xac7a677815ecd9c0ad2b13686f7ab54ff7485762,0.0,,0.0,,0.0,,0.0,0.0,21210.8351963861
0x79b1cf54842d72b37374279ecc6ee3051f5a268d,0.0,,0.0,,0.0,,0.0,0.0,0.0
0xf2701bfd25588536798d468e0e13e62cff0922a0,0.0,,0.0,,0.0,,0.0,0.0,0.0
0x32f442a8f00232755f9f26a7d291663188b70e59,0.0,,0.0,,0.0,,0.0,0.0,0.0
0x6ae72a1475fa42d105ca9737f20d7baba9aef413,0.0,,0.0,,0.0,,0.0,0.0,0.0
0x3ab669c31d8fb918e7ce02e9e97f9baa75557925,0.0,,0.0,,0.0,,0.0,0.0,3313.0594733076
0xd06f9775d010a75ec520c3feae693cfd773a5b18,0.0,,0.0,,0.0,,0.0,0.0,0.0
0x07bd933f4e0acad517c319b2196332eeaa957da1,0.0,,0.0,,0.0,,4.3014,0.0,0.0
0xd022e79fd448abca4c341e7d33aed985f18c5eec,0.0,,0.0,,0.0,,0.0,0.0,0.0
0x52ece0bf93565f10c69414768d5229323851cd4b,0.0,,0.0,,0.0,,0.0,0.0,0.0
0x0a3166ca43d15fb38cf7158da9b44808abdb7eb9,0.0,,0.0,,0.0,,0.0,0.0,0.0
0x55a0741febfa307b676ee06ad6c029af5d568a5f,0.0,,0.0,,0.0,,0.0,0.0,20.0
0xcb04fe798f05f117cee4a65673d74255a5234c89,0.0,,0.0,,0.0,,0.0,0.0,0.0
0x2eeee4f3b4fc7bf56b24e3f3bbc6c8f96e572b2c,0.0,,0.0,,0.0,,0.0,0.0,0.1421378391
0x8e1cf200e3c9d2b805982dd154eec729328c02ad,0.0,,0.0,,0.0,,0.0,0.0,0.0
0x19643341fcc83aa56a2d8c248c73a140ef452624,0.0,,0.0,,0.0,,0.0,0.0,0.0
0x18392e406ee50fe7584e2d2a6160a0bb82f1f5d0,0.0,,0.0,,0.0,,0.0,0.0,0.0
0xa45b438b8e6d04ba00a1b1a514d75b8868dec2d3,0.0,,0.0,,0.0,,0.0,23.7253982974,0.0
0x0cf33fde60cbd29c3af0f8c10886ce5b3c4997e9,0.0,,0.0,,0.0,,0.0,0.4763,177.91466094639998
0x6306ab22b58a4019ba7fd8ddc6d181a09329f1e0,0.0,,0.0,,0.0,,0.0,0.0,0.0
0x1610e58ecefeb51365c3893bfe3be61acdd220a4,0.0,,0.0,,0.0,,0.0,0.0,0.0
0x7db52e4eb0bba23d7634ebdf7b28599a025cbc79,0.0,,0.0,,0.0,,33.7425,0.0,0.0
0x79cb6aa3eb54bb1daa679e7ca6d1916f3fb327af,0.0,,0.0,,0.0,,0.0,0.0,0.0
0xbae24ac2d8db2d12c8153beb992a97c6cf65be87,0.0,,0.0,,0.0,,0.0,0.0,0.0
0x25cd12c92f319782bb761946a20440ea4f003fcf,0.0,,0.0,,0.0,,0.0,0.0,0.0
0xb5e9625abea5c2fcb6081d3e4007811c4933cc69,0.0,,0.0,,0.0,,0.0,0.0,0.1418958214
0x2ea11a2fb2afd352be66428efb966384066f26e7,0.0,,0.0,,0.0,,0.0,0.0,0.0
0x61c4bdd7ac7f1acabed512a6e5f9385659e47d36,0.0,,0.0,,0.0,,0.0,0.0,0.0
0x6103b97d619d28a51fade902a7d8fbb2e29fa7b7,0.0,,0.0,,0.0,,0.0,0.0,0.0
0x631f82fb2a62496d28780a821f47786b05e2278a,0.0,,0.0,,0.0,,0.0,0.0,0.0
0xb1feda46aee460f85d0b15f5c739b1364f702a89,0.0,,0.0,,0.0,,0.0,0.0,0.0
0x94116efa725884314ec66c5682c1b6e7e001e232,0.0,,0.0,,0.0,,18.7209,2.6363,0.0
0x89cc54e4a15eb5d4a92156063745c18a4fb95de9,0.0,,0.0,,0.0,,0.0,1.8623664909,15603.869807316802
0x3fea40a9b644305393cd5ea0cd0ca20fd65f7a3d,0.0,,0.0,,0.0,,0.0,0.0,0.0
0x17884016ea83b1bab4186f4d2f3c9d98581d2846,0.0,,0.0,,26990.904678858813,0x6c8b891d312594ecf121d1ecbda229ace4e495ad784fd9acf177798811ef0fbf,0.0,0.0,1993.5087978079
0xb717a8bb985bb6c6417fe9fe91d8ec5501a7229b,0.0,,0.0,,0.0,,0.0,0.0,0.0
0x26d8ca42e7fcb970738bdc81443a19d7ed96fe89,0.0,,0.0,,0.0,,0.0,0.0,0.1443433179
0x18d735f95699d5636c5d615ed1be386969208071,0.0,,0.0,,0.0,,0.0,0.0,0.0
0x216d97f2820f25588a2b45d4fe5ea3908a518971,0.0,,0.0,,0.0,,0.0,0.0,0.0
0x6de69407384157c31abaa9b9418cd14500f33901,0.0,,0.0,,0.0,,0.2904619195,0.0,0.0
0x88601c751733c3c10c02264d77c38ad62fdac969,0.0,,0.0,,0.0,,0.0,0.0,0.0
0x4b30a95adaaa4a75d0e8204924be3003d1e371b3,0.0,,0.0,,0.0,,0.0,0.0,0.0
0xf2303b1f7d07dc2e3d6207ac774767fada59d2f3,0.0,,0.0,,0.0,,0.0,0.0,0.0
0xcf12d738f37d0a555a754f6af2d1fe4f61624bd9,0.0,,0.0,,0.0,,0.0,0.0,0.0
0xdfa8b6a3ea0fccb7b7ce9d4aa927e529ff695077,0.0,,0.0,,0.0,,0.0,0.0,0.1421832086
0xedb354d7634b3e70cecfde15f306f09197d5067f,0.0,,0.0,,0.0,,0.0,0.0,30.0
0x808a023b72260170c95d831f589a1ae0dca1e43e,0.0,,0.0,,0.0,,0.0,0.0,0.0
0x983af7f4489d5a107e57e28b6d29862eda40b9fa,0.0,,0.0,,0.0,,0.0,0.0009583353,0.0
0x63980df34872ae18d6a128f1bd44b0eb5d1fd3e7,0.0,,0.0,,0.0,,0.0,0.0671,0.0
0xb8fc316d8263262f33939855dd0bd8a7ae0ed5e7,0.0,,0.0,,0.0,,0.0,0.0,0.0
0xca1914a85a355e8060e3935b8443ef9ae98f476d,0.0,,0.0,,0.0,,0.0,0.0,0.0
0x82f947402fa193924af1ce7cea14fc01610511d2,0.0,,0.0,,0.0,,0.0,0.0,0.0
0xb3d589f2e807b2c978608df2abbae366769a04a0,0.0,,0.0,,0.0,,0.0,0.0,0.0
0x9f881e1b6802058f82ec6d8bc3e7dedadef28bea,0.0,,0.0,,0.0,,0.0,0.0,0.0
0x558a550788e10251486ed0180475aebe5939eea1,0.0,,0.0,,0.0,,7.1772381734,1.0148804161,722.1415017347
0xeb9dba3d1460326921e46a06f68a32b730fa34fb,0.0,,0.0,,0.0,,0.0,0.0,0.0
0xbf92bececd1ec58d95221fa4c925c7780c4aa2dd,0.0,,0.0,,0.0,,12.5213742649,1.8552393596,0.0
0x69f37e426bde3a41cc12bdabb8bb43a916816d4f,3886.309379848216,0x4aee6c752b725b954acb7bfa1d9e7c4358ceea6f402269fd32ba5876a66fa587,0.0,,0.0,,22.8167550915,0.0,0.0
0x2cba1fb99fb97952b7afcd9139154c580ef294b8,0.0,,0.0,,0.0,,0.0,0.0,0.0
0xbe307e64b979e4258c153127524affc79a7173de,0.0,,0.0,,0.0,,0.0,0.0,0.0
0xd1df497c5525ff66bd2c816d2e1c15c3e16983c8,0.0,,0.0,,0.0,,0.0,0.0,0.0
0xd254b3833d9cfd5db49315412ce0cd45a5182eb4,0.0,,0.0,,0.0,,3.9549847974,0.0,1175.8100405159998
0x0975ababe9da8934f03d1bb108f4344e349f0855,0.0,,0.0,,0.0,,0.0,0.0,0.0
0x96a70b5b9fbd065fffd84c6de3ed1a3bc107a7fb,0.0,,0.0,,0.0,,0.0,0.0,0.0
0x2ddb7aa7cc97de1abae12b290d32d2e82fa40aa1,0.0,,0.0,,0.0,,0.0,0.0,2732.5245824606
0xf3080047c88f0561b310dfa4e79592f277e13b26,0.0,,0.0,,0.0,,0.0,0.0,0.0
0x0f7e65a2d24baba55829660386b7760c3a628623,0.0,,0.0,,0.0,,0.0,0.0,0.0
0x015e6e8b827a860b8851a6c8c3da932f8834f072,0.0,,0.0,,0.0,,0.0,1.00013233,2300.1393067943
0xa70e6fe4488104be32b9b657f5be7b68afc17f9a,0.0,,0.0,,0.0,,0.0,0.0,0.0
0xd525351c366f2862c2aa0730ed071163994d22ba,0.0,,0.0,,0.0,,0.0,0.0,0.0
0x24262f5d588d4ef81c6c10d7018be78948167a26,0.0,,0.0,,0.0,,0.0,0.0,0.0
0x26c0409bbf1a77a802b220ca8db5efec910f3fb9,0.0,,0.0,,0.0,,0.0,0.0,0.0
0x34a358053bc267ec6871fec2c87170fb2a9f8aa0,0.0,,0.0,,0.0,,0.0,0.0,27966.877539274803
0x8cf3a3935dcada6206ee90dde0a5bb813f6fe413,0.0,,0.0,,0.0,,4.388861343,0.5785498559,331.617507141
0xcfeba03e69e9980446a87d9095063a0275d12db6,0.0,,0.0,,0.0,,0.0,0.0,0.0
0xa71de7e1b7ed086b4ede0be541e7076c51244541,0.0,,0.0,,0.0,,0.0,0.0,28155.031391899996
0xed337713ba3f6b1a7324d704ede4383a2736dd17,0.0,,0.0,,0.0,,113.9612094033,26.4491,0.0
0x5ea091199b450085ba747863c5bc1733a6b5f006,0.0,,0.0,,0.0,,0.0,0.0,3120.5721091667
0x1dafb3e9db9017609beb0a535e63950148be88fd,0.0,,0.0,,0.0,,0.0,0.0,0.0
0x7a6e1bb1787cc475151d04086104dfbde28b79df,0.0,,0.0,,0.0,,1.95,0.0,0.0
0x22f48f47896bc355c59ca71996cc9baaf1e7aee3,0.0,,0.0,,0.0,,0.0,0.0,0.0
0xb8f009508ec983c114720e8c5676a72fc0787c05,0.0,,0.0,,0.0,,0.0,0.0,0.0
0x7eee48f1b7a58a52b3dcd26be567469ea4516d18,0.0,,0.0,,0.0,,0.0,0.0,0.0
0xbc00ebfdf7110310c5936b0f42f12ca9dd2e36ab,0.0,,0.0,,0.0,,0.0,0.0,0.0
0xbe8ccda649d10282d0924c94ef8b92de1207f812,0.0,,0.0,,0.0,,0.0,0.0,0.0
0xa4fdf25b887ef4b4adb77d4183b1ab59442d4b77,0.0,,0.0,,0.0,,0.0,0.0,0.0
0xcc65338df8ab1314cb971557bf7eea4fcc7a4040,0.0,,0.0,,0.0,,0.0,0.0,0.0
0x7575f6542199746c9c77687d9e82b10574d2c680,0.0,,0.0,,0.0,,0.0,0.0,482.60318113650004
0xcbf4f0f7d1fecf82350509c740222be0824bb769,0.0,,0.0,,0.0,,0.0,0.0,0.0
0x030aebe768009787be524b6b12bd57937dc93b61,0.0,,0.0,,0.0,,0.0,0.3316107373,96.92187231209999
0xd28f814faa0e549c1c58ea99d5477ac75ae37633,0.0,,0.0,,0.0,,0.0,0.0,0.0
